id,type,pid,rec_field,name,tag_type,utag_flag,tag_show,status,created_at,updated_at
1,1,0,content_dance,舞蹈类型,1,1,1,1,2019-06-26 16:34:17,2019-06-26 16:34:17
2,1,1,content_dance,广场舞,1,1,1,1,2019-06-26 16:34:17,2019-06-26 16:34:17
3,1,2,content_dance,大众广场舞,1,1,1,1,2019-06-26 16:34:17,2019-06-26 16:34:17
4,1,2,content_dance,16步,1,1,1,1,2019-06-26 16:34:17,2019-06-26 16:34:17
5,1,2,content_dance,32步,1,1,1,1,2019-06-26 16:34:17,2019-06-26 16:34:17
6,1,2,content_dance,中三舞,1,1,1,1,2019-06-26 16:34:17,2019-06-26 16:34:17
7,1,2,content_dance,排舞,1,1,1,0,2019-06-26 16:34:17,2019-06-26 16:34:17
8,1,2,content_dance,变队形,1,1,1,1,2019-06-26 16:34:17,2019-06-26 16:34:17
9,1,1,content_dance,双人舞,1,1,1,1,2019-06-26 16:34:17,2019-06-26 16:34:17
10,1,9,content_dance,双人对跳,1,1,1,1,2019-06-26 16:34:17,2019-06-26 16:34:17
11,1,9,content_dance,交谊舞,1,1,1,0,2019-06-26 16:34:17,2019-06-26 16:34:17
12,1,9,content_dance,三步踩,1,1,1,0,2019-06-26 16:34:17,2019-06-26 16:34:17
13,1,9,content_dance,探戈,1,1,1,0,2019-06-26 16:34:17,2019-06-26 16:34:17
14,1,1,content_dance,健身操,1,1,1,1,2019-06-26 16:34:17,2019-06-26 16:34:17
15,1,14,content_dance,大众健身操,1,1,1,1,2019-06-26 16:34:17,2019-06-26 16:34:17
16,1,14,content_dance,瘦身操,1,1,1,0,2019-06-26 16:34:17,2019-06-26 16:34:17
17,1,14,content_dance,佳木斯,1,1,1,0,2019-06-26 16:34:17,2019-06-26 16:34:17
18,1,14,content_dance,减肥操,1,1,1,0,2019-06-26 16:34:17,2019-06-26 16:34:17
19,1,1,content_dance,民族舞,1,1,1,1,2019-06-26 16:34:17,2019-06-26 16:34:17
20,1,19,content_dance,藏族舞,1,1,1,1,2019-06-26 16:34:17,2019-06-26 16:34:17
21,1,19,content_dance,蒙族舞,1,1,1,1,2019-06-26 16:34:17,2019-06-26 16:34:17
22,1,19,content_dance,新疆舞,1,1,1,1,2019-06-26 16:34:17,2019-06-26 16:34:17
23,1,19,content_dance,傣族舞,1,1,1,0,2019-06-26 16:34:17,2019-06-26 16:34:17
24,1,19,content_dance,秧歌,1,1,1,0,2019-06-26 16:34:17,2019-06-26 16:34:17
25,1,19,content_dance,云贵川,1,1,1,0,2019-06-26 16:34:17,2019-06-26 16:34:17
26,1,1,content_dance,拉丁舞,1,1,1,1,2019-06-26 16:34:17,2019-06-26 16:34:17
27,1,26,content_dance,恰恰,1,1,1,1,2019-06-26 16:34:17,2019-06-26 16:34:17
28,1,26,content_dance,伦巴,1,1,1,0,2019-06-26 16:34:17,2019-06-26 16:34:17
29,1,26,content_dance,桑巴,1,1,1,0,2019-06-26 16:34:17,2019-06-26 16:34:17
30,1,26,content_dance,牛仔,1,1,1,0,2019-06-26 16:34:17,2019-06-26 16:34:17
31,1,26,content_dance,斗牛舞,1,1,1,0,2019-06-26 16:34:17,2019-06-26 16:34:17
32,1,1,content_dance,古典形体舞,1,1,1,1,2019-06-26 16:34:17,2019-06-26 16:34:17
33,1,32,content_dance,形体舞,1,1,1,0,2019-06-26 16:34:17,2019-06-26 16:34:17
34,1,32,content_dance,古典舞,1,1,1,0,2019-06-26 16:34:17,2019-06-26 16:34:17
35,1,32,content_dance,抒情舞,1,1,1,0,2019-06-26 16:34:17,2019-06-26 16:34:17
36,1,1,content_dance,鬼步舞,1,1,1,1,2019-06-26 16:34:17,2019-06-26 16:34:17
37,1,1,content_dance,水兵舞,1,1,1,1,2019-06-26 16:34:17,2019-06-26 16:34:17
38,1,37,content_dance,单人水兵舞,1,1,1,1,2019-06-26 16:34:17,2019-06-26 16:34:17
39,1,37,content_dance,双人水兵舞,1,1,1,1,2019-06-26 16:34:17,2019-06-26 16:34:17
40,1,37,content_dance,一拖二,1,1,1,0,2019-06-26 16:34:17,2019-06-26 16:34:17
41,1,37,content_dance,一拖三,1,1,1,0,2019-06-26 16:34:17,2019-06-26 16:34:17
42,1,1,content_dance,流行舞,1,1,1,1,2019-06-26 16:34:17,2019-06-26 16:34:17
43,1,42,content_dance,爵士舞,1,1,1,1,2019-06-26 16:34:17,2019-06-26 16:34:17
44,1,42,content_dance,街舞,1,1,1,1,2019-06-26 16:34:17,2019-06-26 16:34:17
45,1,42,content_dance,印度舞,1,1,1,0,2019-06-26 16:34:17,2019-06-26 16:34:17
46,1,42,content_dance,肚皮舞,1,1,1,0,2019-06-26 16:34:17,2019-06-26 16:34:17
47,1,42,content_dance,手指舞,1,1,1,1,2019-06-26 16:34:17,2019-06-26 16:34:17
48,1,42,content_dance,尊巴,1,1,1,1,2019-06-26 16:34:17,2019-06-26 16:34:17
49,1,42,content_dance,现代舞,1,1,1,0,2019-06-26 16:34:17,2019-06-26 16:34:17
50,1,42,content_dance,兔子舞,1,1,1,0,2019-06-26 16:34:17,2019-06-26 16:34:17
51,1,1,content_dance,儿童舞,1,1,1,1,2019-06-26 16:34:17,2019-06-26 16:34:17
52,1,51,content_dance,儿童舞,1,1,1,1,2019-06-26 16:34:17,2019-06-26 16:34:17
53,1,51,content_dance,儿童拉丁舞,1,1,1,1,2019-06-26 16:34:17,2019-06-26 16:34:17
54,1,1,content_dance,走秀,1,1,1,1,2019-06-26 16:34:17,2019-06-26 16:34:17
55,1,54,content_dance,旗袍,1,1,1,1,2019-06-26 16:34:17,2019-06-26 16:34:17
56,1,1,content_dance,其他,1,1,1,1,2019-06-26 16:34:17,2019-06-26 16:34:17
57,1,56,content_dance,扇子舞,1,1,1,1,2019-06-26 16:34:17,2019-06-26 16:34:17
58,1,56,content_dance,瑜伽,1,1,1,1,2019-06-26 16:34:17,2019-06-26 16:34:17
59,1,56,content_dance,绸子舞,1,1,1,0,2019-06-26 16:34:17,2019-06-26 16:34:17
60,1,56,content_dance,水秀舞,1,1,1,0,2019-06-26 16:34:17,2019-06-26 16:34:17
61,1,56,content_dance,伞舞,1,1,1,1,2019-06-26 16:34:17,2019-06-26 16:34:17
62,1,56,content_dance,柔力球,1,1,1,0,2019-06-26 16:34:17,2019-06-26 16:34:17
63,1,56,content_dance,经络操,1,1,1,0,2019-06-26 16:34:17,2019-06-26 16:34:17
64,1,56,content_dance,水袖舞,1,1,1,0,2019-06-26 16:34:17,2019-06-26 16:34:17
65,1,56,content_dance,手绢舞,1,1,1,0,2019-06-26 16:34:17,2019-06-26 16:34:17
66,1,56,content_dance,旗袍舞,1,1,1,0,2019-06-26 16:34:17,2019-06-26 16:34:17
67,2,0,content_tag,主题,1,1,1,1,2019-06-26 16:34:19,2019-06-26 16:34:19
68,2,67,firstcat,时尚,1,1,1,1,2019-06-26 16:34:19,2019-06-26 16:34:19
69,2,68,secondcat,护肤,1,1,1,1,2019-06-26 16:34:19,2019-06-26 16:34:19
70,2,68,secondcat,发型,1,1,1,1,2019-06-26 16:34:19,2019-06-26 16:34:19
71,2,68,secondcat,搭配,1,1,1,1,2019-06-26 16:34:19,2019-06-26 16:34:19
72,2,71,content_tag,街拍,1,1,1,1,2019-06-26 16:34:19,2019-06-26 16:34:19
73,2,68,secondcat,化妆,1,1,1,1,2019-06-26 16:34:19,2019-06-26 16:34:19
74,2,73,content_tag,化妆品,1,1,1,1,2019-06-26 16:34:19,2019-06-26 16:34:19
75,2,68,secondcat,美甲,1,1,1,1,2019-06-26 16:34:19,2019-06-26 16:34:19
76,2,68,secondcat,整形,1,1,1,1,2019-06-26 16:34:19,2019-06-26 16:34:19
77,2,68,secondcat,珠宝,1,1,1,1,2019-06-26 16:34:19,2019-06-26 16:34:19
78,2,68,secondcat,奢侈品,1,1,1,0,2019-06-26 16:34:19,2019-06-26 16:34:19
79,2,68,secondcat,男士发型,1,1,1,0,2019-06-26 16:34:19,2019-06-26 16:34:19
80,2,68,secondcat,男士穿搭,1,1,1,0,2019-06-26 16:34:19,2019-06-26 16:34:19
81,2,68,secondcat,香氛,1,1,1,0,2019-06-26 16:34:19,2019-06-26 16:34:19
82,2,68,secondcat,其他,1,1,1,1,2019-06-26 16:34:19,2019-06-26 16:34:19
83,2,67,firstcat,美食,1,1,1,1,2019-06-26 16:34:19,2019-06-26 16:34:19
84,2,83,secondcat,水果,1,1,1,0,2019-06-26 16:34:19,2019-06-26 16:34:19
85,2,83,secondcat,蔬菜,1,1,1,0,2019-06-26 16:34:19,2019-06-26 16:34:19
86,2,83,secondcat,海鲜,1,1,1,1,2019-06-26 16:34:19,2019-06-26 16:34:19
87,2,83,secondcat,菜谱,1,1,1,0,2019-06-26 16:34:19,2019-06-26 16:34:19
88,2,83,secondcat,调味品,1,1,1,1,2019-06-26 16:34:19,2019-06-26 16:34:19
89,2,83,secondcat,小吃,1,1,1,1,2019-06-26 16:34:19,2019-06-26 16:34:19
90,2,83,secondcat,甜品,1,1,1,1,2019-06-26 16:34:19,2019-06-26 16:34:19
91,2,83,secondcat,糕点,1,1,1,1,2019-06-26 16:34:19,2019-06-26 16:34:19
92,2,83,secondcat,葡萄酒,1,1,1,1,2019-06-26 16:34:19,2019-06-26 16:34:19
93,2,83,secondcat,咖啡,1,1,1,1,2019-06-26 16:34:19,2019-06-26 16:34:19
94,2,83,secondcat,饮品,1,1,1,1,2019-06-26 16:34:19,2019-06-26 16:34:19
95,2,83,secondcat,烹饪技巧,1,1,1,0,2019-06-26 16:34:19,2019-06-26 16:34:19
96,2,83,secondcat,麻辣美食,1,1,1,0,2019-06-26 16:34:19,2019-06-26 16:34:19
97,2,83,secondcat,中餐,1,1,1,1,2019-06-26 16:34:19,2019-06-26 16:34:19
98,2,97,content_tag,川菜,1,1,1,0,2019-06-26 16:34:19,2019-06-26 16:34:19
99,2,97,content_tag,鲁菜,1,1,1,0,2019-06-26 16:34:19,2019-06-26 16:34:19
100,2,97,content_tag,粤菜,1,1,1,0,2019-06-26 16:34:19,2019-06-26 16:34:19
101,2,97,content_tag,苏菜,1,1,1,0,2019-06-26 16:34:19,2019-06-26 16:34:19
102,2,97,content_tag,浙菜,1,1,1,0,2019-06-26 16:34:19,2019-06-26 16:34:19
103,2,97,content_tag,闽菜,1,1,1,0,2019-06-26 16:34:19,2019-06-26 16:34:19
104,2,97,content_tag,湘菜,1,1,1,0,2019-06-26 16:34:19,2019-06-26 16:34:19
105,2,97,content_tag,徽菜,1,1,1,0,2019-06-26 16:34:19,2019-06-26 16:34:19
106,2,97,content_tag,京味菜,1,1,1,0,2019-06-26 16:34:19,2019-06-26 16:34:19
107,2,97,content_tag,其他,1,1,1,0,2019-06-26 16:34:19,2019-06-26 16:34:19
108,2,83,secondcat,西餐,1,1,1,1,2019-06-26 16:34:19,2019-06-26 16:34:19
109,2,83,secondcat,日韩料理,1,1,1,1,2019-06-26 16:34:19,2019-06-26 16:34:19
110,2,83,secondcat,美食节目,1,1,1,1,2019-06-26 16:34:19,2019-06-26 16:34:19
111,2,83,secondcat,其他,1,1,1,1,2019-06-26 16:34:19,2019-06-26 16:34:19
112,2,67,firstcat,情感,1,1,2,1,2019-06-26 16:34:19,2019-06-26 16:34:19
113,2,112,secondcat,两性婚姻,1,1,2,1,2019-06-26 16:34:19,2019-06-26 16:34:19
114,2,112,secondcat,婚外情,1,1,2,1,2019-06-26 16:34:19,2019-06-26 16:34:19
115,2,112,secondcat,恋爱,1,1,2,0,2019-06-26 16:34:19,2019-06-26 16:34:19
116,2,112,secondcat,正能量,1,1,2,0,2019-06-26 16:34:19,2019-06-26 16:34:19
117,2,112,secondcat,鸡汤,1,1,2,1,2019-06-26 16:34:19,2019-06-26 16:34:19
118,2,112,secondcat,婆媳关系,1,1,2,1,2019-06-26 16:34:19,2019-06-26 16:34:19
119,2,112,secondcat,人际关系,1,1,2,1,2019-06-26 16:34:19,2019-06-26 16:34:19
120,2,112,secondcat,友情,1,1,2,1,2019-06-26 16:34:19,2019-06-26 16:34:19
121,2,112,secondcat,悲情,1,1,2,0,2019-06-26 16:34:19,2019-06-26 16:34:19
122,2,112,secondcat,亲情,1,1,2,1,2019-06-26 16:34:19,2019-06-26 16:34:19
123,2,112,secondcat,其他,1,1,2,1,2019-06-26 16:34:19,2019-06-26 16:34:19
124,2,67,firstcat,健康养生,1,1,1,1,2019-06-26 16:34:19,2019-06-26 16:34:19
125,2,124,secondcat,常见疾病,1,1,1,1,2019-06-26 16:34:19,2019-06-26 16:34:19
126,2,125,content_tag,传染病,1,1,1,0,2019-06-26 16:34:19,2019-06-26 16:34:19
127,2,125,content_tag,呼吸道疾病,1,1,1,0,2019-06-26 16:34:19,2019-06-26 16:34:19
128,2,125,content_tag,心血管病,1,1,1,0,2019-06-26 16:34:19,2019-06-26 16:34:19
129,2,125,content_tag,糖尿病,1,1,1,0,2019-06-26 16:34:19,2019-06-26 16:34:19
130,2,125,content_tag,皮肤病,1,1,1,0,2019-06-26 16:34:19,2019-06-26 16:34:19
131,2,125,content_tag,肠胃病,1,1,1,0,2019-06-26 16:34:19,2019-06-26 16:34:19
132,2,125,content_tag,乳腺癌,1,1,1,0,2019-06-26 16:34:19,2019-06-26 16:34:19
133,2,125,content_tag,颈椎病,1,1,1,0,2019-06-26 16:34:19,2019-06-26 16:34:19
134,2,125,content_tag,高血压,1,1,1,0,2019-06-26 16:34:19,2019-06-26 16:34:19
135,2,125,content_tag,肿瘤,1,1,1,0,2019-06-26 16:34:19,2019-06-26 16:34:19
136,2,125,content_tag,精神病,1,1,1,0,2019-06-26 16:34:19,2019-06-26 16:34:19
137,2,125,content_tag,疾病护理,1,1,1,0,2019-06-26 16:34:19,2019-06-26 16:34:19
138,2,125,content_tag,儿科,1,1,1,0,2019-06-26 16:34:19,2019-06-26 16:34:19
139,2,125,content_tag,其他,1,1,1,0,2019-06-26 16:34:19,2019-06-26 16:34:19
140,2,125,content_tag,艾滋,1,1,1,0,2019-06-26 16:34:19,2019-06-26 16:34:19
141,2,125,content_tag,老年痴呆,1,1,1,0,2019-06-26 16:34:19,2019-06-26 16:34:19
142,2,125,content_tag,更年期,1,1,1,0,2019-06-26 16:34:19,2019-06-26 16:34:19
143,2,124,secondcat,养生,1,1,1,1,2019-06-26 16:34:19,2019-06-26 16:34:19
144,2,143,content_tag,减肥美体,1,1,1,0,2019-06-26 16:34:19,2019-06-26 16:34:19
145,2,143,content_tag,健身,1,1,2,0,2019-06-26 16:34:19,2019-06-26 16:34:19
146,2,143,content_tag,口腔护理,1,1,1,1,2019-06-26 16:34:19,2019-06-26 16:34:19
147,2,143,content_tag,睡眠,1,1,1,1,2019-06-26 16:34:19,2019-06-26 16:34:19
148,2,143,content_tag,饮食健康,1,1,1,1,2019-06-26 16:34:19,2019-06-26 16:34:19
149,2,143,content_tag,心理健康,1,1,1,1,2019-06-26 16:34:19,2019-06-26 16:34:19
150,2,143,content_tag,养肾,1,1,1,0,2019-06-26 16:34:19,2019-06-26 16:34:19
151,2,143,content_tag,保健品,1,1,1,0,2019-06-26 16:34:19,2019-06-26 16:34:19
152,2,143,content_tag,其他,1,1,1,1,2019-06-26 16:34:19,2019-06-26 16:34:19
153,2,124,secondcat,中医,1,1,1,1,2019-06-26 16:34:19,2019-06-26 16:34:19
154,2,153,content_tag,穴位,1,1,1,0,2019-06-26 16:34:19,2019-06-26 16:34:19
155,2,153,content_tag,推拿,1,1,1,0,2019-06-26 16:34:19,2019-06-26 16:34:19
156,2,153,content_tag,中药,1,1,1,0,2019-06-26 16:34:19,2019-06-26 16:34:19
157,2,153,content_tag,其他,1,1,1,0,2019-06-26 16:34:19,2019-06-26 16:34:19
158,2,124,secondcat,医疗知识,1,1,1,0,2019-06-26 16:34:19,2019-06-26 16:34:19
159,2,158,content_tag,医学研究,1,1,1,0,2019-06-26 16:34:19,2019-06-26 16:34:19
160,2,158,content_tag,医疗行业,1,1,1,0,2019-06-26 16:34:19,2019-06-26 16:34:19
161,2,124,secondcat,其他,1,1,1,1,2019-06-26 16:34:19,2019-06-26 16:34:19
162,2,67,firstcat,园艺,1,1,1,1,2019-06-26 16:34:19,2019-06-26 16:34:19
163,2,67,firstcat,蔬果耕种,1,1,1,1,2019-06-26 16:34:19,2019-06-26 16:34:19
164,2,67,firstcat,手工艺,1,1,1,1,2019-06-26 16:34:19,2019-06-26 16:34:19
165,2,67,firstcat,动物,1,1,2,1,2019-06-26 16:34:19,2019-06-26 16:34:19
166,2,165,secondcat,猫,1,1,2,1,2019-06-26 16:34:19,2019-06-26 16:34:19
167,2,165,secondcat,狗,1,1,2,1,2019-06-26 16:34:19,2019-06-26 16:34:19
168,2,165,secondcat,鸟,1,1,2,1,2019-06-26 16:34:19,2019-06-26 16:34:19
169,2,165,secondcat,鱼,1,1,2,1,2019-06-26 16:34:19,2019-06-26 16:34:19
170,2,165,secondcat,蛇,1,1,2,1,2019-06-26 16:34:19,2019-06-26 16:34:19
171,2,165,secondcat,虫,1,1,2,1,2019-06-26 16:34:19,2019-06-26 16:34:19
172,2,165,secondcat,其他,1,1,2,1,2019-06-26 16:34:19,2019-06-26 16:34:19
173,2,67,firstcat,教育,1,1,1,1,2019-06-26 16:34:19,2019-06-26 16:34:19
174,2,173,secondcat,幼儿教育,1,1,1,0,2019-06-26 16:34:19,2019-06-26 16:34:19
175,2,173,secondcat,学前教育,1,1,1,0,2019-06-26 16:34:19,2019-06-26 16:34:19
176,2,173,secondcat,小学教育,1,1,1,0,2019-06-26 16:34:19,2019-06-26 16:34:19
177,2,173,secondcat,中学教育,1,1,1,0,2019-06-26 16:34:19,2019-06-26 16:34:19
178,2,173,secondcat,中考,1,1,1,0,2019-06-26 16:34:19,2019-06-26 16:34:19
179,2,173,secondcat,高中教育,1,1,1,0,2019-06-26 16:34:19,2019-06-26 16:34:19
180,2,173,secondcat,高考,1,1,1,0,2019-06-26 16:34:19,2019-06-26 16:34:19
181,2,173,secondcat,大学,1,1,1,0,2019-06-26 16:34:19,2019-06-26 16:34:19
182,2,173,secondcat,成人教育,1,1,1,0,2019-06-26 16:34:19,2019-06-26 16:34:19
183,2,173,secondcat,资格考试,1,1,1,0,2019-06-26 16:34:19,2019-06-26 16:34:19
184,2,173,secondcat,研究生教育,1,1,1,0,2019-06-26 16:34:19,2019-06-26 16:34:19
185,2,173,secondcat,公务员,1,1,1,0,2019-06-26 16:34:19,2019-06-26 16:34:19
186,2,173,secondcat,留学,1,1,1,0,2019-06-26 16:34:19,2019-06-26 16:34:19
187,2,173,secondcat,语文,1,1,1,0,2019-06-26 16:34:19,2019-06-26 16:34:19
188,2,173,secondcat,数学,1,1,1,0,2019-06-26 16:34:19,2019-06-26 16:34:19
189,2,173,secondcat,外语,1,1,1,0,2019-06-26 16:34:19,2019-06-26 16:34:19
190,2,173,secondcat,求职,1,1,1,0,2019-06-26 16:34:19,2019-06-26 16:34:19
191,2,173,secondcat,创业,1,1,1,0,2019-06-26 16:34:19,2019-06-26 16:34:19
192,2,173,secondcat,家庭教育,1,1,1,0,2019-06-26 16:34:19,2019-06-26 16:34:19
193,2,173,secondcat,心理学,1,1,1,0,2019-06-26 16:34:19,2019-06-26 16:34:19
194,2,173,secondcat,职业规划,1,1,1,0,2019-06-26 16:34:19,2019-06-26 16:34:19
195,2,173,secondcat,在线教育,1,1,1,0,2019-06-26 16:34:19,2019-06-26 16:34:19
196,2,173,secondcat,商学院,1,1,1,0,2019-06-26 16:34:19,2019-06-26 16:34:19
197,2,173,secondcat,其他,1,1,1,0,2019-06-26 16:34:19,2019-06-26 16:34:19
198,2,67,firstcat,育儿,1,1,1,1,2019-06-26 16:34:19,2019-06-26 16:34:19
199,2,198,secondcat,育儿知识,1,1,1,1,2019-06-26 16:34:19,2019-06-26 16:34:19
200,2,198,secondcat,萌娃,1,1,1,1,2019-06-26 16:34:19,2019-06-26 16:34:19
201,2,198,secondcat,才艺娃,1,1,1,1,2019-06-26 16:34:19,2019-06-26 16:34:19
202,2,198,secondcat,其他,1,1,1,1,2019-06-26 16:34:19,2019-06-26 16:34:19
203,2,67,firstcat,科技,1,1,1,1,2019-06-26 16:34:19,2019-06-26 16:34:19
204,2,203,secondcat,科普知识,1,1,1,0,2019-06-26 16:34:19,2019-06-26 16:34:19
205,2,203,secondcat,软件,1,1,1,1,2019-06-26 16:34:19,2019-06-26 16:34:19
206,2,203,secondcat,数码产品,1,1,1,1,2019-06-26 16:34:19,2019-06-26 16:34:19
207,2,203,secondcat,前沿技术,1,1,1,1,2019-06-26 16:34:19,2019-06-26 16:34:19
208,2,203,secondcat,其他,1,1,1,1,2019-06-26 16:34:19,2019-06-26 16:34:19
209,2,67,firstcat,生活家居,1,1,1,1,2019-06-26 16:34:19,2019-06-26 16:34:19
210,2,209,secondcat,装修,1,1,1,0,2019-06-26 16:34:19,2019-06-26 16:34:19
211,2,210,content_tag,小户型装修,1,1,1,0,2019-06-26 16:34:19,2019-06-26 16:34:19
212,2,210,content_tag,室内设计,1,1,1,0,2019-06-26 16:34:19,2019-06-26 16:34:19
213,2,210,content_tag,设计师,1,1,1,0,2019-06-26 16:34:19,2019-06-26 16:34:19
214,2,210,content_tag,卫浴,1,1,1,0,2019-06-26 16:34:19,2019-06-26 16:34:19
215,2,210,content_tag,厨房,1,1,1,0,2019-06-26 16:34:19,2019-06-26 16:34:19
216,2,210,content_tag,家装设计,1,1,1,0,2019-06-26 16:34:19,2019-06-26 16:34:19
217,2,209,secondcat,厨具,1,1,1,0,2019-06-26 16:34:19,2019-06-26 16:34:19
218,2,209,secondcat,家具,1,1,1,0,2019-06-26 16:34:19,2019-06-26 16:34:19
219,2,209,secondcat,家电,1,1,1,0,2019-06-26 16:34:19,2019-06-26 16:34:19
220,2,219,content_tag,厨卫电器,1,1,1,0,2019-06-26 16:34:19,2019-06-26 16:34:19
221,2,219,content_tag,家用电器,1,1,1,0,2019-06-26 16:34:19,2019-06-26 16:34:19
222,2,219,content_tag,小家电,1,1,1,0,2019-06-26 16:34:19,2019-06-26 16:34:19
223,2,209,secondcat,家居装饰,1,1,1,0,2019-06-26 16:34:19,2019-06-26 16:34:19
224,2,209,secondcat,家居风水,1,1,1,0,2019-06-26 16:34:19,2019-06-26 16:34:19
225,2,209,secondcat,生活常识,1,1,1,0,2019-06-26 16:34:19,2019-06-26 16:34:19
226,2,209,secondcat,生活窍门,1,1,1,1,2019-06-26 16:34:19,2019-06-26 16:34:19
227,2,209,secondcat,生活好物,1,1,1,1,2019-06-26 16:34:19,2019-06-26 16:34:19
228,2,209,secondcat,其他,1,1,1,1,2019-06-26 16:34:19,2019-06-26 16:34:19
229,2,67,firstcat,搞笑,1,1,2,1,2019-06-26 16:34:19,2019-06-26 16:34:19
230,2,229,secondcat,奇葩,1,1,1,0,2019-06-26 16:34:19,2019-06-26 16:34:19
231,2,229,secondcat,段子,1,1,1,0,2019-06-26 16:34:19,2019-06-26 16:34:19
232,2,229,secondcat,冷笑话,1,1,1,0,2019-06-26 16:34:19,2019-06-26 16:34:19
233,2,229,secondcat,神回复,1,1,1,0,2019-06-26 16:34:19,2019-06-26 16:34:19
234,2,229,secondcat,神反转,1,1,1,0,2019-06-26 16:34:19,2019-06-26 16:34:19
235,2,229,secondcat,其他,1,1,1,0,2019-06-26 16:34:19,2019-06-26 16:34:19
236,2,67,firstcat,社会,1,1,2,1,2019-06-26 16:34:19,2019-06-26 16:34:19
237,2,236,secondcat,交通,1,1,2,1,2019-06-26 16:34:19,2019-06-26 16:34:19
238,2,236,secondcat,婚礼,1,1,2,1,2019-06-26 16:34:19,2019-06-26 16:34:19
239,2,236,secondcat,天气,1,1,2,1,2019-06-26 16:34:19,2019-06-26 16:34:19
240,2,236,secondcat,三农,1,1,2,1,2019-06-26 16:34:19,2019-06-26 16:34:19
241,2,236,secondcat,食品安全,1,1,2,1,2019-06-26 16:34:19,2019-06-26 16:34:19
242,2,236,secondcat,奇闻轶事,1,1,2,1,2019-06-26 16:34:19,2019-06-26 16:34:19
243,2,236,secondcat,医患关系,1,1,2,0,2019-06-26 16:34:19,2019-06-26 16:34:19
244,2,236,secondcat,慈善,1,1,2,0,2019-06-26 16:34:19,2019-06-26 16:34:19
245,2,236,secondcat,交通事故,1,1,2,1,2019-06-26 16:34:19,2019-06-26 16:34:19
246,2,236,secondcat,民事纠纷,1,1,2,0,2019-06-26 16:34:19,2019-06-26 16:34:19
247,2,236,secondcat,校园生活,1,1,2,0,2019-06-26 16:34:19,2019-06-26 16:34:19
248,2,236,secondcat,诈骗,1,1,2,1,2019-06-26 16:34:19,2019-06-26 16:34:19
249,2,236,secondcat,其他,1,1,2,1,2019-06-26 16:34:19,2019-06-26 16:34:19
250,2,67,firstcat,旅行,1,1,1,1,2019-06-26 16:34:19,2019-06-26 16:34:19
251,2,67,firstcat,绘画,1,1,1,1,2019-06-26 16:34:19,2019-06-26 16:34:19
252,2,67,firstcat,唱歌,1,1,1,0,2019-06-26 16:34:19,2019-06-26 16:34:19
253,2,67,firstcat,摄影,1,1,1,1,2019-06-26 16:34:19,2019-06-26 16:34:19
254,2,67,firstcat,乐器,1,1,1,1,2019-06-26 16:34:19,2019-06-26 16:34:19
255,2,67,firstcat,体育,1,1,2,1,2019-06-26 16:34:19,2019-06-26 16:34:19
256,2,67,firstcat,垂钓,1,1,1,0,2019-06-26 16:34:19,2019-06-26 16:34:19
257,2,67,firstcat,星座运势,1,1,2,1,2019-06-26 16:34:19,2019-06-26 16:34:19
258,2,67,firstcat,历史,1,1,2,1,2019-06-26 16:34:19,2019-06-26 16:34:19
259,2,67,firstcat,文化,1,1,1,0,2019-06-26 16:34:19,2019-06-26 16:34:19
260,2,67,firstcat,财经,1,1,2,1,2019-06-26 16:34:19,2019-06-26 16:34:19
261,2,67,firstcat,汽车,1,1,2,1,2019-06-26 16:34:19,2019-06-26 16:34:19
262,2,67,firstcat,娱乐,1,1,2,1,2019-06-26 16:34:19,2019-06-26 16:34:19
263,2,67,firstcat,其他,1,1,1,1,2019-06-26 16:34:19,2019-06-26 16:34:19
264,2,67,firstcat,舞蹈,1,0,1,1,2019-06-26 16:34:19,2019-06-26 16:34:19
265,2,264,secondcat,广场舞,1,0,1,1,2019-06-26 16:34:19,2019-06-26 16:34:19
266,2,265,content_tag,大众广场舞,1,0,1,1,2019-06-26 16:34:19,2019-06-26 16:34:19
267,2,265,content_tag,16步,1,0,1,1,2019-06-26 16:34:19,2019-06-26 16:34:19
268,2,265,content_tag,32步,1,0,1,1,2019-06-26 16:34:19,2019-06-26 16:34:19
269,2,265,content_tag,中三舞,1,0,1,1,2019-06-26 16:34:19,2019-06-26 16:34:19
270,2,265,content_tag,排舞,1,0,1,1,2019-06-26 16:34:19,2019-06-26 16:34:19
271,2,265,content_tag,变队形,1,0,1,1,2019-06-26 16:34:19,2019-06-26 16:34:19
272,2,265,content_tag,其他,1,0,1,1,2019-06-26 16:34:19,2019-06-26 16:34:19
273,2,264,secondcat,双人舞,1,0,1,1,2019-06-26 16:34:19,2019-06-26 16:34:19
274,2,273,content_tag,双人对跳,1,0,1,1,2019-06-26 16:34:19,2019-06-26 16:34:19
275,2,273,content_tag,交谊舞,1,0,1,1,2019-06-26 16:34:19,2019-06-26 16:34:19
276,2,273,content_tag,三步踩,1,0,1,1,2019-06-26 16:34:19,2019-06-26 16:34:19
277,2,273,content_tag,探戈,1,0,1,1,2019-06-26 16:34:19,2019-06-26 16:34:19
278,2,273,content_tag,其他,1,0,1,1,2019-06-26 16:34:19,2019-06-26 16:34:19
279,2,264,secondcat,健身操,1,0,1,1,2019-06-26 16:34:19,2019-06-26 16:34:19
280,2,279,content_tag,大众健身操,1,0,1,1,2019-06-26 16:34:19,2019-06-26 16:34:19
281,2,279,content_tag,瘦身操,1,0,1,1,2019-06-26 16:34:19,2019-06-26 16:34:19
282,2,279,content_tag,佳木斯,1,0,1,1,2019-06-26 16:34:19,2019-06-26 16:34:19
283,2,279,content_tag,其他,1,0,1,1,2019-06-26 16:34:19,2019-06-26 16:34:19
284,2,279,content_tag,减肥操,1,0,1,1,2019-06-26 16:34:19,2019-06-26 16:34:19
285,2,264,secondcat,民族舞,1,0,1,1,2019-06-26 16:34:19,2019-06-26 16:34:19
286,2,285,content_tag,藏族舞,1,0,1,1,2019-06-26 16:34:19,2019-06-26 16:34:19
287,2,285,content_tag,蒙族舞,1,0,1,1,2019-06-26 16:34:19,2019-06-26 16:34:19
288,2,285,content_tag,新疆舞,1,0,1,1,2019-06-26 16:34:19,2019-06-26 16:34:19
289,2,285,content_tag,傣族舞,1,0,1,1,2019-06-26 16:34:19,2019-06-26 16:34:19
290,2,285,content_tag,秧歌,1,0,1,1,2019-06-26 16:34:19,2019-06-26 16:34:19
291,2,285,content_tag,云贵川,1,0,1,1,2019-06-26 16:34:19,2019-06-26 16:34:19
292,2,285,content_tag,其他,1,0,1,1,2019-06-26 16:34:19,2019-06-26 16:34:19
293,2,264,secondcat,拉丁舞,1,0,1,1,2019-06-26 16:34:19,2019-06-26 16:34:19
294,2,293,content_tag,恰恰,1,0,1,1,2019-06-26 16:34:19,2019-06-26 16:34:19
295,2,293,content_tag,伦巴,1,0,1,1,2019-06-26 16:34:19,2019-06-26 16:34:19
296,2,293,content_tag,桑巴,1,0,1,1,2019-06-26 16:34:19,2019-06-26 16:34:19
297,2,293,content_tag,牛仔,1,0,1,1,2019-06-26 16:34:19,2019-06-26 16:34:19
298,2,293,content_tag,斗牛舞,1,0,1,1,2019-06-26 16:34:19,2019-06-26 16:34:19
299,2,293,content_tag,其他,1,0,1,1,2019-06-26 16:34:19,2019-06-26 16:34:19
300,2,264,secondcat,古典形体舞,1,0,1,1,2019-06-26 16:34:19,2019-06-26 16:34:19
301,2,300,content_tag,形体舞,1,1,1,0,2019-06-26 16:34:19,2019-06-26 16:34:19
302,2,300,content_tag,古典舞,1,1,1,0,2019-06-26 16:34:19,2019-06-26 16:34:19
303,2,300,content_tag,抒情舞,1,1,1,0,2019-06-26 16:34:19,2019-06-26 16:34:19
304,2,300,content_tag,其他,1,1,1,0,2019-06-26 16:34:19,2019-06-26 16:34:19
305,2,264,secondcat,鬼步舞,1,0,1,1,2019-06-26 16:34:19,2019-06-26 16:34:19
306,2,264,secondcat,水兵舞,1,0,1,1,2019-06-26 16:34:19,2019-06-26 16:34:19
307,2,306,content_tag,单人水兵舞,1,0,1,1,2019-06-26 16:34:19,2019-06-26 16:34:19
308,2,306,content_tag,双人水兵舞,1,0,1,1,2019-06-26 16:34:19,2019-06-26 16:34:19
309,2,306,content_tag,一拖二,1,0,1,1,2019-06-26 16:34:19,2019-06-26 16:34:19
310,2,306,content_tag,一拖三,1,0,1,1,2019-06-26 16:34:19,2019-06-26 16:34:19
311,2,306,content_tag,其他,1,0,1,1,2019-06-26 16:34:19,2019-06-26 16:34:19
312,2,264,secondcat,流行舞,1,0,1,1,2019-06-26 16:34:19,2019-06-26 16:34:19
313,2,312,content_tag,爵士舞,1,0,1,1,2019-06-26 16:34:19,2019-06-26 16:34:19
314,2,312,content_tag,街舞,1,0,1,1,2019-06-26 16:34:19,2019-06-26 16:34:19
315,2,312,content_tag,印度舞,1,0,1,1,2019-06-26 16:34:19,2019-06-26 16:34:19
316,2,312,content_tag,肚皮舞,1,0,1,1,2019-06-26 16:34:19,2019-06-26 16:34:19
317,2,312,content_tag,手指舞,1,0,1,1,2019-06-26 16:34:19,2019-06-26 16:34:19
318,2,312,content_tag,尊巴,1,0,1,1,2019-06-26 16:34:19,2019-06-26 16:34:19
319,2,312,content_tag,现代舞,1,0,1,1,2019-06-26 16:34:19,2019-06-26 16:34:19
320,2,312,content_tag,兔子舞,1,0,1,1,2019-06-26 16:34:19,2019-06-26 16:34:19
321,2,312,content_tag,其他,1,0,1,1,2019-06-26 16:34:19,2019-06-26 16:34:19
322,2,264,secondcat,儿童舞,1,0,1,1,2019-06-26 16:34:19,2019-06-26 16:34:19
323,2,322,content_tag,儿童舞,1,0,1,1,2019-06-26 16:34:19,2019-06-26 16:34:19
324,2,322,content_tag,儿童拉丁舞,1,0,1,1,2019-06-26 16:34:19,2019-06-26 16:34:19
325,2,322,content_tag,其他,1,0,1,1,2019-06-26 16:34:19,2019-06-26 16:34:19
326,2,264,secondcat,走秀,1,0,1,1,2019-06-26 16:34:19,2019-06-26 16:34:19
327,2,326,content_tag,旗袍,1,0,1,1,2019-06-26 16:34:19,2019-06-26 16:34:19
328,2,326,content_tag,其他,1,0,1,1,2019-06-26 16:34:19,2019-06-26 16:34:19
329,2,264,secondcat,其他,1,0,1,1,2019-06-26 16:34:19,2019-06-26 16:34:19
330,2,329,content_tag,扇子舞,1,0,1,1,2019-06-26 16:34:19,2019-06-26 16:34:19
331,2,1010,content_tag,瑜伽,1,0,1,1,2019-06-26 16:34:19,2019-06-26 16:34:19
332,2,329,content_tag,绸子舞,1,0,1,1,2019-06-26 16:34:19,2019-06-26 16:34:19
333,2,329,content_tag,水秀舞,1,0,1,1,2019-06-26 16:34:19,2019-06-26 16:34:19
334,2,329,content_tag,伞舞,1,0,1,1,2019-06-26 16:34:19,2019-06-26 16:34:19
335,2,1009,content_tag,柔力球,1,0,1,1,2019-06-26 16:34:19,2019-06-26 16:34:19
336,2,1009,content_tag,经络操,1,0,1,1,2019-06-26 16:34:19,2019-06-26 16:34:19
337,2,329,content_tag,水袖舞,1,0,1,1,2019-06-26 16:34:19,2019-06-26 16:34:19
338,2,329,content_tag,手绢舞,1,0,1,1,2019-06-26 16:34:19,2019-06-26 16:34:19
339,2,329,content_tag,旗袍舞,1,0,1,1,2019-06-26 16:34:19,2019-06-26 16:34:19
340,2,329,content_tag,其他,1,0,1,1,2019-06-26 16:34:19,2019-06-26 16:34:19
341,3,0,content_genre,歌曲类型,1,1,1,1,2019-06-26 16:34:20,2019-06-26 16:34:20
342,3,341,content_genre,流行歌曲,1,1,1,1,2019-06-26 16:34:20,2019-06-26 16:34:20
343,3,341,content_genre,经典老歌,1,1,1,1,2019-06-26 16:34:20,2019-06-26 16:34:20
344,3,341,content_genre,DJ舞曲,1,1,1,1,2019-06-26 16:34:20,2019-06-26 16:34:20
345,3,341,content_genre,情歌,1,1,1,1,2019-06-26 16:34:20,2019-06-26 16:34:20
346,3,341,content_genre,民歌,1,1,1,1,2019-06-26 16:34:20,2019-06-26 16:34:20
347,3,341,content_genre,红歌,1,1,1,1,2019-06-26 16:34:20,2019-06-26 16:34:20
348,3,341,content_genre,儿歌,1,1,1,1,2019-06-26 16:34:20,2019-06-26 16:34:20
349,3,341,content_genre,其他,1,1,1,1,2019-06-26 16:34:20,2019-06-26 16:34:20
350,4,0,content_degree,难度,1,1,1,1,2019-06-26 16:34:22,2019-06-26 16:34:22
351,4,350,content_degree,零基础,1,1,1,1,2019-06-26 16:34:22,2019-06-26 16:34:22
352,4,350,content_degree,简单,1,1,1,1,2019-06-26 16:34:22,2019-06-26 16:34:22
353,4,350,content_degree,适中,1,1,1,1,2019-06-26 16:34:22,2019-06-26 16:34:22
354,4,350,content_degree,稍难,1,1,1,1,2019-06-26 16:34:22,2019-06-26 16:34:22
355,4,350,content_degree,其他,1,1,1,1,2019-06-26 16:34:22,2019-06-26 16:34:22
356,4,0,content_raw,原创,1,1,1,1,2019-06-26 16:34:22,2019-06-26 16:34:22
357,4,356,content_raw,非原创,1,1,1,1,2019-06-26 16:34:22,2019-06-26 16:34:22
358,4,356,content_raw,原创,1,1,1,1,2019-06-26 16:34:22,2019-06-26 16:34:22
359,4,356,content_raw,其他,1,1,1,1,2019-06-26 16:34:22,2019-06-26 16:34:22
360,4,0,content_teach,场景,1,1,1,1,2019-06-26 16:34:22,2019-06-26 16:34:22
361,4,360,content_teach,表演,1,1,1,1,2019-06-26 16:34:22,2019-06-26 16:34:22
362,4,360,content_teach,教学,1,1,1,1,2019-06-26 16:34:22,2019-06-26 16:34:22
363,4,360,content_teach,比赛,1,1,1,1,2019-06-26 16:34:22,2019-06-26 16:34:22
364,4,360,content_teach,日常习作,1,1,1,1,2019-06-26 16:34:22,2019-06-26 16:34:22
365,4,360,content_teach,其他,1,1,1,1,2019-06-26 16:34:22,2019-06-26 16:34:22
366,5,0,province,北京市,1,0,1,1,2019-06-26 16:34:23,2019-06-26 16:34:23
367,5,366,city,北京市,1,0,1,1,2019-06-26 16:34:23,2019-06-26 16:34:23
368,5,0,province,天津市,1,0,1,1,2019-06-26 16:34:23,2019-06-26 16:34:23
369,5,368,city,天津市,1,0,1,1,2019-06-26 16:34:23,2019-06-26 16:34:23
370,5,0,province,河北省,1,0,1,1,2019-06-26 16:34:23,2019-06-26 16:34:23
371,5,370,city,石家庄市,1,0,1,1,2019-06-26 16:34:23,2019-06-26 16:34:23
372,5,370,city,唐山市,1,0,1,1,2019-06-26 16:34:23,2019-06-26 16:34:23
373,5,370,city,秦皇岛市,1,0,1,1,2019-06-26 16:34:23,2019-06-26 16:34:23
374,5,370,city,邯郸市,1,0,1,1,2019-06-26 16:34:23,2019-06-26 16:34:23
375,5,370,city,邢台市,1,0,1,1,2019-06-26 16:34:23,2019-06-26 16:34:23
376,5,370,city,保定市,1,0,1,1,2019-06-26 16:34:23,2019-06-26 16:34:23
377,5,370,city,张家口市,1,0,1,1,2019-06-26 16:34:23,2019-06-26 16:34:23
378,5,370,city,承德市,1,0,1,1,2019-06-26 16:34:23,2019-06-26 16:34:23
379,5,370,city,沧州市,1,0,1,1,2019-06-26 16:34:23,2019-06-26 16:34:23
380,5,370,city,廊坊市,1,0,1,1,2019-06-26 16:34:23,2019-06-26 16:34:23
381,5,370,city,衡水市,1,0,1,1,2019-06-26 16:34:23,2019-06-26 16:34:23
382,5,0,province,山西省,1,0,1,1,2019-06-26 16:34:23,2019-06-26 16:34:23
383,5,382,city,太原市,1,0,1,1,2019-06-26 16:34:23,2019-06-26 16:34:23
384,5,382,city,大同市,1,0,1,1,2019-06-26 16:34:23,2019-06-26 16:34:23
385,5,382,city,阳泉市,1,0,1,1,2019-06-26 16:34:23,2019-06-26 16:34:23
386,5,382,city,长治市,1,0,1,1,2019-06-26 16:34:23,2019-06-26 16:34:23
387,5,382,city,晋城市,1,0,1,1,2019-06-26 16:34:23,2019-06-26 16:34:23
388,5,382,city,朔州市,1,0,1,1,2019-06-26 16:34:23,2019-06-26 16:34:23
389,5,382,city,晋中市,1,0,1,1,2019-06-26 16:34:23,2019-06-26 16:34:23
390,5,382,city,运城市,1,0,1,1,2019-06-26 16:34:23,2019-06-26 16:34:23
391,5,382,city,忻州市,1,0,1,1,2019-06-26 16:34:23,2019-06-26 16:34:23
392,5,382,city,临汾市,1,0,1,1,2019-06-26 16:34:23,2019-06-26 16:34:23
393,5,382,city,吕梁市,1,0,1,1,2019-06-26 16:34:23,2019-06-26 16:34:23
394,5,0,province,内蒙古自治区,1,0,1,1,2019-06-26 16:34:23,2019-06-26 16:34:23
395,5,394,city,呼和浩特市,1,0,1,1,2019-06-26 16:34:23,2019-06-26 16:34:23
396,5,394,city,包头市,1,0,1,1,2019-06-26 16:34:23,2019-06-26 16:34:23
397,5,394,city,乌海市,1,0,1,1,2019-06-26 16:34:23,2019-06-26 16:34:23
398,5,394,city,赤峰市,1,0,1,1,2019-06-26 16:34:23,2019-06-26 16:34:23
399,5,394,city,通辽市,1,0,1,1,2019-06-26 16:34:23,2019-06-26 16:34:23
400,5,394,city,鄂尔多斯市,1,0,1,1,2019-06-26 16:34:23,2019-06-26 16:34:23
401,5,394,city,呼伦贝尔市,1,0,1,1,2019-06-26 16:34:23,2019-06-26 16:34:23
402,5,394,city,巴彦淖尔市,1,0,1,1,2019-06-26 16:34:23,2019-06-26 16:34:23
403,5,394,city,乌兰察布市,1,0,1,1,2019-06-26 16:34:23,2019-06-26 16:34:23
404,5,394,city,兴安盟,1,0,1,1,2019-06-26 16:34:23,2019-06-26 16:34:23
405,5,394,city,锡林郭勒盟,1,0,1,1,2019-06-26 16:34:23,2019-06-26 16:34:23
406,5,394,city,阿拉善盟,1,0,1,1,2019-06-26 16:34:23,2019-06-26 16:34:23
407,5,0,province,辽宁省,1,0,1,1,2019-06-26 16:34:23,2019-06-26 16:34:23
408,5,407,city,沈阳市,1,0,1,1,2019-06-26 16:34:23,2019-06-26 16:34:23
409,5,407,city,大连市,1,0,1,1,2019-06-26 16:34:23,2019-06-26 16:34:23
410,5,407,city,鞍山市,1,0,1,1,2019-06-26 16:34:23,2019-06-26 16:34:23
411,5,407,city,抚顺市,1,0,1,1,2019-06-26 16:34:23,2019-06-26 16:34:23
412,5,407,city,本溪市,1,0,1,1,2019-06-26 16:34:23,2019-06-26 16:34:23
413,5,407,city,丹东市,1,0,1,1,2019-06-26 16:34:23,2019-06-26 16:34:23
414,5,407,city,锦州市,1,0,1,1,2019-06-26 16:34:23,2019-06-26 16:34:23
415,5,407,city,营口市,1,0,1,1,2019-06-26 16:34:23,2019-06-26 16:34:23
416,5,407,city,阜新市,1,0,1,1,2019-06-26 16:34:23,2019-06-26 16:34:23
417,5,407,city,辽阳市,1,0,1,1,2019-06-26 16:34:23,2019-06-26 16:34:23
418,5,407,city,盘锦市,1,0,1,1,2019-06-26 16:34:23,2019-06-26 16:34:23
419,5,407,city,铁岭市,1,0,1,1,2019-06-26 16:34:23,2019-06-26 16:34:23
420,5,407,city,朝阳市,1,0,1,1,2019-06-26 16:34:23,2019-06-26 16:34:23
421,5,407,city,葫芦岛市,1,0,1,1,2019-06-26 16:34:23,2019-06-26 16:34:23
422,5,0,province,吉林省,1,0,1,1,2019-06-26 16:34:23,2019-06-26 16:34:23
423,5,422,city,长春市,1,0,1,1,2019-06-26 16:34:23,2019-06-26 16:34:23
424,5,422,city,吉林市,1,0,1,1,2019-06-26 16:34:23,2019-06-26 16:34:23
425,5,422,city,四平市,1,0,1,1,2019-06-26 16:34:23,2019-06-26 16:34:23
426,5,422,city,辽源市,1,0,1,1,2019-06-26 16:34:23,2019-06-26 16:34:23
427,5,422,city,通化市,1,0,1,1,2019-06-26 16:34:23,2019-06-26 16:34:23
428,5,422,city,白山市,1,0,1,1,2019-06-26 16:34:23,2019-06-26 16:34:23
429,5,422,city,松原市,1,0,1,1,2019-06-26 16:34:23,2019-06-26 16:34:23
430,5,422,city,白城市,1,0,1,1,2019-06-26 16:34:23,2019-06-26 16:34:23
431,5,422,city,延边朝鲜族自治州,1,0,1,1,2019-06-26 16:34:23,2019-06-26 16:34:23
432,5,0,province,黑龙江省,1,0,1,1,2019-06-26 16:34:23,2019-06-26 16:34:23
433,5,432,city,哈尔滨市,1,0,1,1,2019-06-26 16:34:23,2019-06-26 16:34:23
434,5,432,city,齐齐哈尔市,1,0,1,1,2019-06-26 16:34:23,2019-06-26 16:34:23
435,5,432,city,鸡西市,1,0,1,1,2019-06-26 16:34:23,2019-06-26 16:34:23
436,5,432,city,鹤岗市,1,0,1,1,2019-06-26 16:34:23,2019-06-26 16:34:23
437,5,432,city,双鸭山市,1,0,1,1,2019-06-26 16:34:23,2019-06-26 16:34:23
438,5,432,city,大庆市,1,0,1,1,2019-06-26 16:34:23,2019-06-26 16:34:23
439,5,432,city,伊春市,1,0,1,1,2019-06-26 16:34:23,2019-06-26 16:34:23
440,5,432,city,佳木斯市,1,0,1,1,2019-06-26 16:34:23,2019-06-26 16:34:23
441,5,432,city,七台河市,1,0,1,1,2019-06-26 16:34:23,2019-06-26 16:34:23
442,5,432,city,牡丹江市,1,0,1,1,2019-06-26 16:34:23,2019-06-26 16:34:23
443,5,432,city,黑河市,1,0,1,1,2019-06-26 16:34:23,2019-06-26 16:34:23
444,5,432,city,绥化市,1,0,1,1,2019-06-26 16:34:23,2019-06-26 16:34:23
445,5,432,city,大兴安岭地区,1,0,1,1,2019-06-26 16:34:23,2019-06-26 16:34:23
446,5,0,province,上海市,1,0,1,1,2019-06-26 16:34:23,2019-06-26 16:34:23
447,5,446,city,上海市,1,0,1,1,2019-06-26 16:34:23,2019-06-26 16:34:23
448,5,0,province,江苏省,1,0,1,1,2019-06-26 16:34:23,2019-06-26 16:34:23
449,5,448,city,南京市,1,0,1,1,2019-06-26 16:34:23,2019-06-26 16:34:23
450,5,448,city,无锡市,1,0,1,1,2019-06-26 16:34:23,2019-06-26 16:34:23
451,5,448,city,徐州市,1,0,1,1,2019-06-26 16:34:23,2019-06-26 16:34:23
452,5,448,city,常州市,1,0,1,1,2019-06-26 16:34:23,2019-06-26 16:34:23
453,5,448,city,苏州市,1,0,1,1,2019-06-26 16:34:23,2019-06-26 16:34:23
454,5,448,city,南通市,1,0,1,1,2019-06-26 16:34:23,2019-06-26 16:34:23
455,5,448,city,连云港市,1,0,1,1,2019-06-26 16:34:23,2019-06-26 16:34:23
456,5,448,city,淮安市,1,0,1,1,2019-06-26 16:34:23,2019-06-26 16:34:23
457,5,448,city,盐城市,1,0,1,1,2019-06-26 16:34:23,2019-06-26 16:34:23
458,5,448,city,扬州市,1,0,1,1,2019-06-26 16:34:23,2019-06-26 16:34:23
459,5,448,city,镇江市,1,0,1,1,2019-06-26 16:34:23,2019-06-26 16:34:23
460,5,448,city,泰州市,1,0,1,1,2019-06-26 16:34:23,2019-06-26 16:34:23
461,5,448,city,宿迁市,1,0,1,1,2019-06-26 16:34:23,2019-06-26 16:34:23
462,5,0,province,浙江省,1,0,1,1,2019-06-26 16:34:23,2019-06-26 16:34:23
463,5,462,city,杭州市,1,0,1,1,2019-06-26 16:34:23,2019-06-26 16:34:23
464,5,462,city,宁波市,1,0,1,1,2019-06-26 16:34:23,2019-06-26 16:34:23
465,5,462,city,温州市,1,0,1,1,2019-06-26 16:34:23,2019-06-26 16:34:23
466,5,462,city,嘉兴市,1,0,1,1,2019-06-26 16:34:23,2019-06-26 16:34:23
467,5,462,city,湖州市,1,0,1,1,2019-06-26 16:34:23,2019-06-26 16:34:23
468,5,462,city,绍兴市,1,0,1,1,2019-06-26 16:34:23,2019-06-26 16:34:23
469,5,462,city,金华市,1,0,1,1,2019-06-26 16:34:23,2019-06-26 16:34:23
470,5,462,city,衢州市,1,0,1,1,2019-06-26 16:34:23,2019-06-26 16:34:23
471,5,462,city,舟山市,1,0,1,1,2019-06-26 16:34:23,2019-06-26 16:34:23
472,5,462,city,台州市,1,0,1,1,2019-06-26 16:34:23,2019-06-26 16:34:23
473,5,462,city,丽水市,1,0,1,1,2019-06-26 16:34:23,2019-06-26 16:34:23
474,5,0,province,安徽省,1,0,1,1,2019-06-26 16:34:23,2019-06-26 16:34:23
475,5,474,city,合肥市,1,0,1,1,2019-06-26 16:34:23,2019-06-26 16:34:23
476,5,474,city,芜湖市,1,0,1,1,2019-06-26 16:34:23,2019-06-26 16:34:23
477,5,474,city,蚌埠市,1,0,1,1,2019-06-26 16:34:23,2019-06-26 16:34:23
478,5,474,city,淮南市,1,0,1,1,2019-06-26 16:34:23,2019-06-26 16:34:23
479,5,474,city,马鞍山市,1,0,1,1,2019-06-26 16:34:23,2019-06-26 16:34:23
480,5,474,city,淮北市,1,0,1,1,2019-06-26 16:34:23,2019-06-26 16:34:23
481,5,474,city,铜陵市,1,0,1,1,2019-06-26 16:34:23,2019-06-26 16:34:23
482,5,474,city,安庆市,1,0,1,1,2019-06-26 16:34:23,2019-06-26 16:34:23
483,5,474,city,黄山市,1,0,1,1,2019-06-26 16:34:23,2019-06-26 16:34:23
484,5,474,city,滁州市,1,0,1,1,2019-06-26 16:34:23,2019-06-26 16:34:23
485,5,474,city,阜阳市,1,0,1,1,2019-06-26 16:34:23,2019-06-26 16:34:23
486,5,474,city,宿州市,1,0,1,1,2019-06-26 16:34:23,2019-06-26 16:34:23
487,5,474,city,六安市,1,0,1,1,2019-06-26 16:34:23,2019-06-26 16:34:23
488,5,474,city,亳州市,1,0,1,1,2019-06-26 16:34:23,2019-06-26 16:34:23
489,5,474,city,池州市,1,0,1,1,2019-06-26 16:34:23,2019-06-26 16:34:23
490,5,474,city,宣城市,1,0,1,1,2019-06-26 16:34:23,2019-06-26 16:34:23
491,5,0,province,福建省,1,0,1,1,2019-06-26 16:34:23,2019-06-26 16:34:23
492,5,491,city,福州市,1,0,1,1,2019-06-26 16:34:23,2019-06-26 16:34:23
493,5,491,city,厦门市,1,0,1,1,2019-06-26 16:34:23,2019-06-26 16:34:23
494,5,491,city,莆田市,1,0,1,1,2019-06-26 16:34:23,2019-06-26 16:34:23
495,5,491,city,三明市,1,0,1,1,2019-06-26 16:34:23,2019-06-26 16:34:23
496,5,491,city,泉州市,1,0,1,1,2019-06-26 16:34:23,2019-06-26 16:34:23
497,5,491,city,漳州市,1,0,1,1,2019-06-26 16:34:23,2019-06-26 16:34:23
498,5,491,city,南平市,1,0,1,1,2019-06-26 16:34:23,2019-06-26 16:34:23
499,5,491,city,龙岩市,1,0,1,1,2019-06-26 16:34:23,2019-06-26 16:34:23
500,5,491,city,宁德市,1,0,1,1,2019-06-26 16:34:23,2019-06-26 16:34:23
501,5,0,province,江西省,1,0,1,1,2019-06-26 16:34:23,2019-06-26 16:34:23
502,5,501,city,南昌市,1,0,1,1,2019-06-26 16:34:23,2019-06-26 16:34:23
503,5,501,city,景德镇市,1,0,1,1,2019-06-26 16:34:23,2019-06-26 16:34:23
504,5,501,city,萍乡市,1,0,1,1,2019-06-26 16:34:23,2019-06-26 16:34:23
505,5,501,city,九江市,1,0,1,1,2019-06-26 16:34:23,2019-06-26 16:34:23
506,5,501,city,新余市,1,0,1,1,2019-06-26 16:34:23,2019-06-26 16:34:23
507,5,501,city,鹰潭市,1,0,1,1,2019-06-26 16:34:23,2019-06-26 16:34:23
508,5,501,city,赣州市,1,0,1,1,2019-06-26 16:34:23,2019-06-26 16:34:23
509,5,501,city,吉安市,1,0,1,1,2019-06-26 16:34:23,2019-06-26 16:34:23
510,5,501,city,宜春市,1,0,1,1,2019-06-26 16:34:23,2019-06-26 16:34:23
511,5,501,city,抚州市,1,0,1,1,2019-06-26 16:34:23,2019-06-26 16:34:23
512,5,501,city,上饶市,1,0,1,1,2019-06-26 16:34:23,2019-06-26 16:34:23
513,5,0,province,山东省,1,0,1,1,2019-06-26 16:34:23,2019-06-26 16:34:23
514,5,513,city,济南市,1,0,1,1,2019-06-26 16:34:23,2019-06-26 16:34:23
515,5,513,city,青岛市,1,0,1,1,2019-06-26 16:34:23,2019-06-26 16:34:23
516,5,513,city,淄博市,1,0,1,1,2019-06-26 16:34:23,2019-06-26 16:34:23
517,5,513,city,枣庄市,1,0,1,1,2019-06-26 16:34:23,2019-06-26 16:34:23
518,5,513,city,东营市,1,0,1,1,2019-06-26 16:34:23,2019-06-26 16:34:23
519,5,513,city,烟台市,1,0,1,1,2019-06-26 16:34:23,2019-06-26 16:34:23
520,5,513,city,潍坊市,1,0,1,1,2019-06-26 16:34:23,2019-06-26 16:34:23
521,5,513,city,济宁市,1,0,1,1,2019-06-26 16:34:23,2019-06-26 16:34:23
522,5,513,city,泰安市,1,0,1,1,2019-06-26 16:34:23,2019-06-26 16:34:23
523,5,513,city,威海市,1,0,1,1,2019-06-26 16:34:23,2019-06-26 16:34:23
524,5,513,city,日照市,1,0,1,1,2019-06-26 16:34:23,2019-06-26 16:34:23
525,5,513,city,莱芜市,1,0,1,1,2019-06-26 16:34:23,2019-06-26 16:34:23
526,5,513,city,临沂市,1,0,1,1,2019-06-26 16:34:23,2019-06-26 16:34:23
527,5,513,city,德州市,1,0,1,1,2019-06-26 16:34:23,2019-06-26 16:34:23
528,5,513,city,聊城市,1,0,1,1,2019-06-26 16:34:23,2019-06-26 16:34:23
529,5,513,city,滨州市,1,0,1,1,2019-06-26 16:34:23,2019-06-26 16:34:23
530,5,513,city,菏泽市,1,0,1,1,2019-06-26 16:34:23,2019-06-26 16:34:23
531,5,0,province,湖南省,1,0,1,1,2019-06-26 16:34:23,2019-06-26 16:34:23
532,5,531,city,长沙市,1,0,1,1,2019-06-26 16:34:23,2019-06-26 16:34:23
533,5,531,city,株洲市,1,0,1,1,2019-06-26 16:34:23,2019-06-26 16:34:23
534,5,531,city,湘潭市,1,0,1,1,2019-06-26 16:34:23,2019-06-26 16:34:23
535,5,531,city,衡阳市,1,0,1,1,2019-06-26 16:34:23,2019-06-26 16:34:23
536,5,531,city,邵阳市,1,0,1,1,2019-06-26 16:34:23,2019-06-26 16:34:23
537,5,531,city,岳阳市,1,0,1,1,2019-06-26 16:34:23,2019-06-26 16:34:23
538,5,531,city,常德市,1,0,1,1,2019-06-26 16:34:23,2019-06-26 16:34:23
539,5,531,city,张家界市,1,0,1,1,2019-06-26 16:34:23,2019-06-26 16:34:23
540,5,531,city,益阳市,1,0,1,1,2019-06-26 16:34:23,2019-06-26 16:34:23
541,5,531,city,郴州市,1,0,1,1,2019-06-26 16:34:23,2019-06-26 16:34:23
542,5,531,city,永州市,1,0,1,1,2019-06-26 16:34:23,2019-06-26 16:34:23
543,5,531,city,怀化市,1,0,1,1,2019-06-26 16:34:23,2019-06-26 16:34:23
544,5,531,city,娄底市,1,0,1,1,2019-06-26 16:34:23,2019-06-26 16:34:23
545,5,531,city,湘西土家族苗族自治州,1,0,1,1,2019-06-26 16:34:23,2019-06-26 16:34:23
546,5,0,province,广东省,1,0,1,1,2019-06-26 16:34:23,2019-06-26 16:34:23
547,5,546,city,广州市,1,0,1,1,2019-06-26 16:34:23,2019-06-26 16:34:23
548,5,546,city,韶关市,1,0,1,1,2019-06-26 16:34:23,2019-06-26 16:34:23
549,5,546,city,深圳市,1,0,1,1,2019-06-26 16:34:23,2019-06-26 16:34:23
550,5,546,city,珠海市,1,0,1,1,2019-06-26 16:34:23,2019-06-26 16:34:23
551,5,546,city,汕头市,1,0,1,1,2019-06-26 16:34:23,2019-06-26 16:34:23
552,5,546,city,佛山市,1,0,1,1,2019-06-26 16:34:23,2019-06-26 16:34:23
553,5,546,city,江门市,1,0,1,1,2019-06-26 16:34:23,2019-06-26 16:34:23
554,5,546,city,湛江市,1,0,1,1,2019-06-26 16:34:23,2019-06-26 16:34:23
555,5,546,city,茂名市,1,0,1,1,2019-06-26 16:34:23,2019-06-26 16:34:23
556,5,546,city,肇庆市,1,0,1,1,2019-06-26 16:34:23,2019-06-26 16:34:23
557,5,546,city,惠州市,1,0,1,1,2019-06-26 16:34:23,2019-06-26 16:34:23
558,5,546,city,梅州市,1,0,1,1,2019-06-26 16:34:23,2019-06-26 16:34:23
559,5,546,city,汕尾市,1,0,1,1,2019-06-26 16:34:23,2019-06-26 16:34:23
560,5,546,city,河源市,1,0,1,1,2019-06-26 16:34:23,2019-06-26 16:34:23
561,5,546,city,阳江市,1,0,1,1,2019-06-26 16:34:23,2019-06-26 16:34:23
562,5,546,city,清远市,1,0,1,1,2019-06-26 16:34:23,2019-06-26 16:34:23
563,5,546,city,东莞市,1,0,1,1,2019-06-26 16:34:23,2019-06-26 16:34:23
564,5,546,city,中山市,1,0,1,1,2019-06-26 16:34:23,2019-06-26 16:34:23
565,5,546,city,潮州市,1,0,1,1,2019-06-26 16:34:23,2019-06-26 16:34:23
566,5,546,city,揭阳市,1,0,1,1,2019-06-26 16:34:23,2019-06-26 16:34:23
567,5,546,city,云浮市,1,0,1,1,2019-06-26 16:34:23,2019-06-26 16:34:23
568,5,0,province,广西壮族自治区,1,0,1,1,2019-06-26 16:34:23,2019-06-26 16:34:23
569,5,568,city,南宁市,1,0,1,1,2019-06-26 16:34:23,2019-06-26 16:34:23
570,5,568,city,柳州市,1,0,1,1,2019-06-26 16:34:23,2019-06-26 16:34:23
571,5,568,city,桂林市,1,0,1,1,2019-06-26 16:34:23,2019-06-26 16:34:23
572,5,568,city,梧州市,1,0,1,1,2019-06-26 16:34:23,2019-06-26 16:34:23
573,5,568,city,北海市,1,0,1,1,2019-06-26 16:34:23,2019-06-26 16:34:23
574,5,568,city,防城港市,1,0,1,1,2019-06-26 16:34:23,2019-06-26 16:34:23
575,5,568,city,钦州市,1,0,1,1,2019-06-26 16:34:23,2019-06-26 16:34:23
576,5,568,city,贵港市,1,0,1,1,2019-06-26 16:34:23,2019-06-26 16:34:23
577,5,568,city,玉林市,1,0,1,1,2019-06-26 16:34:23,2019-06-26 16:34:23
578,5,568,city,百色市,1,0,1,1,2019-06-26 16:34:23,2019-06-26 16:34:23
579,5,568,city,贺州市,1,0,1,1,2019-06-26 16:34:23,2019-06-26 16:34:23
580,5,568,city,河池市,1,0,1,1,2019-06-26 16:34:23,2019-06-26 16:34:23
581,5,568,city,来宾市,1,0,1,1,2019-06-26 16:34:23,2019-06-26 16:34:23
582,5,568,city,崇左市,1,0,1,1,2019-06-26 16:34:23,2019-06-26 16:34:23
583,5,0,province,重庆市,1,0,1,1,2019-06-26 16:34:23,2019-06-26 16:34:23
584,5,583,city,重庆市,1,0,1,1,2019-06-26 16:34:23,2019-06-26 16:34:23
585,5,0,province,四川省,1,0,1,1,2019-06-26 16:34:23,2019-06-26 16:34:23
586,5,585,city,成都市,1,0,1,1,2019-06-26 16:34:23,2019-06-26 16:34:23
587,5,585,city,自贡市,1,0,1,1,2019-06-26 16:34:23,2019-06-26 16:34:23
588,5,585,city,攀枝花市,1,0,1,1,2019-06-26 16:34:23,2019-06-26 16:34:23
589,5,585,city,泸州市,1,0,1,1,2019-06-26 16:34:23,2019-06-26 16:34:23
590,5,585,city,德阳市,1,0,1,1,2019-06-26 16:34:23,2019-06-26 16:34:23
591,5,585,city,绵阳市,1,0,1,1,2019-06-26 16:34:23,2019-06-26 16:34:23
592,5,585,city,广元市,1,0,1,1,2019-06-26 16:34:23,2019-06-26 16:34:23
593,5,585,city,遂宁市,1,0,1,1,2019-06-26 16:34:23,2019-06-26 16:34:23
594,5,585,city,内江市,1,0,1,1,2019-06-26 16:34:23,2019-06-26 16:34:23
595,5,585,city,乐山市,1,0,1,1,2019-06-26 16:34:23,2019-06-26 16:34:23
596,5,585,city,南充市,1,0,1,1,2019-06-26 16:34:23,2019-06-26 16:34:23
597,5,585,city,眉山市,1,0,1,1,2019-06-26 16:34:23,2019-06-26 16:34:23
598,5,585,city,宜宾市,1,0,1,1,2019-06-26 16:34:23,2019-06-26 16:34:23
599,5,585,city,广安市,1,0,1,1,2019-06-26 16:34:23,2019-06-26 16:34:23
600,5,585,city,达州市,1,0,1,1,2019-06-26 16:34:23,2019-06-26 16:34:23
601,5,585,city,雅安市,1,0,1,1,2019-06-26 16:34:23,2019-06-26 16:34:23
602,5,585,city,巴中市,1,0,1,1,2019-06-26 16:34:23,2019-06-26 16:34:23
603,5,585,city,资阳市,1,0,1,1,2019-06-26 16:34:23,2019-06-26 16:34:23
604,5,585,city,阿坝藏族羌族自治州,1,0,1,1,2019-06-26 16:34:23,2019-06-26 16:34:23
605,5,585,city,甘孜藏族自治州,1,0,1,1,2019-06-26 16:34:23,2019-06-26 16:34:23
606,5,585,city,凉山彝族自治州,1,0,1,1,2019-06-26 16:34:23,2019-06-26 16:34:23
607,5,0,province,贵州省,1,0,1,1,2019-06-26 16:34:23,2019-06-26 16:34:23
608,5,607,city,贵阳市,1,0,1,1,2019-06-26 16:34:23,2019-06-26 16:34:23
609,5,607,city,六盘水市,1,0,1,1,2019-06-26 16:34:23,2019-06-26 16:34:23
610,5,607,city,遵义市,1,0,1,1,2019-06-26 16:34:23,2019-06-26 16:34:23
611,5,607,city,安顺市,1,0,1,1,2019-06-26 16:34:23,2019-06-26 16:34:23
612,5,607,city,毕节市,1,0,1,1,2019-06-26 16:34:23,2019-06-26 16:34:23
613,5,607,city,铜仁市,1,0,1,1,2019-06-26 16:34:23,2019-06-26 16:34:23
614,5,607,city,黔西南布依族苗族自治州,1,0,1,1,2019-06-26 16:34:23,2019-06-26 16:34:23
615,5,607,city,黔东南苗族侗族自治州,1,0,1,1,2019-06-26 16:34:23,2019-06-26 16:34:23
616,5,607,city,黔南布依族苗族自治州,1,0,1,1,2019-06-26 16:34:23,2019-06-26 16:34:23
617,5,0,province,云南省,1,0,1,1,2019-06-26 16:34:23,2019-06-26 16:34:23
618,5,617,city,昆明市,1,0,1,1,2019-06-26 16:34:23,2019-06-26 16:34:23
619,5,617,city,曲靖市,1,0,1,1,2019-06-26 16:34:23,2019-06-26 16:34:23
620,5,617,city,玉溪市,1,0,1,1,2019-06-26 16:34:23,2019-06-26 16:34:23
621,5,617,city,保山市,1,0,1,1,2019-06-26 16:34:23,2019-06-26 16:34:23
622,5,617,city,昭通市,1,0,1,1,2019-06-26 16:34:23,2019-06-26 16:34:23
623,5,617,city,丽江市,1,0,1,1,2019-06-26 16:34:23,2019-06-26 16:34:23
624,5,617,city,普洱市,1,0,1,1,2019-06-26 16:34:23,2019-06-26 16:34:23
625,5,617,city,临沧市,1,0,1,1,2019-06-26 16:34:23,2019-06-26 16:34:23
626,5,617,city,楚雄彝族自治州,1,0,1,1,2019-06-26 16:34:23,2019-06-26 16:34:23
627,5,617,city,红河哈尼族彝族自治州,1,0,1,1,2019-06-26 16:34:23,2019-06-26 16:34:23
628,5,617,city,文山壮族苗族自治州,1,0,1,1,2019-06-26 16:34:23,2019-06-26 16:34:23
629,5,617,city,西双版纳傣族自治州,1,0,1,1,2019-06-26 16:34:23,2019-06-26 16:34:23
630,5,617,city,大理白族自治州,1,0,1,1,2019-06-26 16:34:23,2019-06-26 16:34:23
631,5,617,city,德宏傣族景颇族自治州,1,0,1,1,2019-06-26 16:34:23,2019-06-26 16:34:23
632,5,617,city,怒江傈僳族自治州,1,0,1,1,2019-06-26 16:34:23,2019-06-26 16:34:23
633,5,617,city,迪庆藏族自治州,1,0,1,1,2019-06-26 16:34:23,2019-06-26 16:34:23
634,5,0,province,西藏自治区,1,0,1,1,2019-06-26 16:34:23,2019-06-26 16:34:23
635,5,634,city,拉萨市,1,0,1,1,2019-06-26 16:34:23,2019-06-26 16:34:23
636,5,634,city,日喀则市,1,0,1,1,2019-06-26 16:34:23,2019-06-26 16:34:23
637,5,634,city,昌都市,1,0,1,1,2019-06-26 16:34:23,2019-06-26 16:34:23
638,5,634,city,林芝市,1,0,1,1,2019-06-26 16:34:23,2019-06-26 16:34:23
639,5,634,city,山南市,1,0,1,1,2019-06-26 16:34:23,2019-06-26 16:34:23
640,5,634,city,那曲市,1,0,1,1,2019-06-26 16:34:23,2019-06-26 16:34:23
641,5,634,city,阿里地区,1,0,1,1,2019-06-26 16:34:23,2019-06-26 16:34:23
642,5,0,province,陕西省,1,0,1,1,2019-06-26 16:34:23,2019-06-26 16:34:23
643,5,642,city,西安市,1,0,1,1,2019-06-26 16:34:23,2019-06-26 16:34:23
644,5,642,city,铜川市,1,0,1,1,2019-06-26 16:34:23,2019-06-26 16:34:23
645,5,642,city,宝鸡市,1,0,1,1,2019-06-26 16:34:23,2019-06-26 16:34:23
646,5,642,city,咸阳市,1,0,1,1,2019-06-26 16:34:23,2019-06-26 16:34:23
647,5,642,city,渭南市,1,0,1,1,2019-06-26 16:34:23,2019-06-26 16:34:23
648,5,642,city,延安市,1,0,1,1,2019-06-26 16:34:23,2019-06-26 16:34:23
649,5,642,city,汉中市,1,0,1,1,2019-06-26 16:34:23,2019-06-26 16:34:23
650,5,642,city,榆林市,1,0,1,1,2019-06-26 16:34:23,2019-06-26 16:34:23
651,5,642,city,安康市,1,0,1,1,2019-06-26 16:34:23,2019-06-26 16:34:23
652,5,642,city,商洛市,1,0,1,1,2019-06-26 16:34:23,2019-06-26 16:34:23
653,5,0,province,甘肃省,1,0,1,1,2019-06-26 16:34:23,2019-06-26 16:34:23
654,5,653,city,兰州市,1,0,1,1,2019-06-26 16:34:23,2019-06-26 16:34:23
655,5,653,city,嘉峪关市,1,0,1,1,2019-06-26 16:34:23,2019-06-26 16:34:23
656,5,653,city,金昌市,1,0,1,1,2019-06-26 16:34:23,2019-06-26 16:34:23
657,5,653,city,白银市,1,0,1,1,2019-06-26 16:34:23,2019-06-26 16:34:23
658,5,653,city,天水市,1,0,1,1,2019-06-26 16:34:23,2019-06-26 16:34:23
659,5,653,city,武威市,1,0,1,1,2019-06-26 16:34:23,2019-06-26 16:34:23
660,5,653,city,张掖市,1,0,1,1,2019-06-26 16:34:23,2019-06-26 16:34:23
661,5,653,city,平凉市,1,0,1,1,2019-06-26 16:34:23,2019-06-26 16:34:23
662,5,653,city,酒泉市,1,0,1,1,2019-06-26 16:34:23,2019-06-26 16:34:23
663,5,653,city,庆阳市,1,0,1,1,2019-06-26 16:34:23,2019-06-26 16:34:23
664,5,653,city,定西市,1,0,1,1,2019-06-26 16:34:23,2019-06-26 16:34:23
665,5,653,city,陇南市,1,0,1,1,2019-06-26 16:34:23,2019-06-26 16:34:23
666,5,653,city,临夏回族自治州,1,0,1,1,2019-06-26 16:34:23,2019-06-26 16:34:23
667,5,653,city,甘南藏族自治州,1,0,1,1,2019-06-26 16:34:23,2019-06-26 16:34:23
668,5,0,province,青海省,1,0,1,1,2019-06-26 16:34:23,2019-06-26 16:34:23
669,5,668,city,西宁市,1,0,1,1,2019-06-26 16:34:23,2019-06-26 16:34:23
670,5,668,city,海东市,1,0,1,1,2019-06-26 16:34:23,2019-06-26 16:34:23
671,5,668,city,海北藏族自治州,1,0,1,1,2019-06-26 16:34:23,2019-06-26 16:34:23
672,5,668,city,黄南藏族自治州,1,0,1,1,2019-06-26 16:34:23,2019-06-26 16:34:23
673,5,668,city,海南藏族自治州,1,0,1,1,2019-06-26 16:34:23,2019-06-26 16:34:23
674,5,668,city,果洛藏族自治州,1,0,1,1,2019-06-26 16:34:23,2019-06-26 16:34:23
675,5,668,city,玉树藏族自治州,1,0,1,1,2019-06-26 16:34:23,2019-06-26 16:34:23
676,5,668,city,海西蒙古族藏族自治州,1,0,1,1,2019-06-26 16:34:23,2019-06-26 16:34:23
677,5,0,province,宁夏回族自治区,1,0,1,1,2019-06-26 16:34:23,2019-06-26 16:34:23
678,5,677,city,银川市,1,0,1,1,2019-06-26 16:34:23,2019-06-26 16:34:23
679,5,677,city,石嘴山市,1,0,1,1,2019-06-26 16:34:23,2019-06-26 16:34:23
680,5,677,city,吴忠市,1,0,1,1,2019-06-26 16:34:23,2019-06-26 16:34:23
681,5,677,city,固原市,1,0,1,1,2019-06-26 16:34:23,2019-06-26 16:34:23
682,5,677,city,中卫市,1,0,1,1,2019-06-26 16:34:23,2019-06-26 16:34:23
683,5,0,province,香港特别行政区,1,0,1,1,2019-06-26 16:34:23,2019-06-26 16:34:23
684,5,683,city,香港特别行政区,1,0,1,1,2019-06-26 16:34:23,2019-06-26 16:34:23
685,5,0,province,澳门特别行政区,1,0,1,1,2019-06-26 16:34:23,2019-06-26 16:34:23
686,5,685,city,澳门特别行政区,1,0,1,1,2019-06-26 16:34:23,2019-06-26 16:34:23
687,5,0,province,台湾省,1,0,1,1,2019-06-26 16:34:23,2019-06-26 16:34:23
688,5,0,province,河南省,1,0,1,1,2019-06-26 16:34:23,2019-06-26 16:34:23
689,5,688,city,郑州市,1,0,1,1,2019-06-26 16:34:23,2019-06-26 16:34:23
690,5,688,city,开封市,1,0,1,1,2019-06-26 16:34:23,2019-06-26 16:34:23
691,5,688,city,洛阳市,1,0,1,1,2019-06-26 16:34:23,2019-06-26 16:34:23
692,5,688,city,平顶山市,1,0,1,1,2019-06-26 16:34:23,2019-06-26 16:34:23
693,5,688,city,安阳市,1,0,1,1,2019-06-26 16:34:23,2019-06-26 16:34:23
694,5,688,city,鹤壁市,1,0,1,1,2019-06-26 16:34:23,2019-06-26 16:34:23
695,5,688,city,新乡市,1,0,1,1,2019-06-26 16:34:24,2019-06-26 16:34:24
696,5,688,city,焦作市,1,0,1,1,2019-06-26 16:34:24,2019-06-26 16:34:24
697,5,688,city,濮阳市,1,0,1,1,2019-06-26 16:34:24,2019-06-26 16:34:24
698,5,688,city,许昌市,1,0,1,1,2019-06-26 16:34:24,2019-06-26 16:34:24
699,5,688,city,漯河市,1,0,1,1,2019-06-26 16:34:24,2019-06-26 16:34:24
700,5,688,city,三门峡市,1,0,1,1,2019-06-26 16:34:24,2019-06-26 16:34:24
701,5,688,city,南阳市,1,0,1,1,2019-06-26 16:34:24,2019-06-26 16:34:24
702,5,688,city,商丘市,1,0,1,1,2019-06-26 16:34:24,2019-06-26 16:34:24
703,5,688,city,信阳市,1,0,1,1,2019-06-26 16:34:24,2019-06-26 16:34:24
704,5,688,city,周口市,1,0,1,1,2019-06-26 16:34:24,2019-06-26 16:34:24
705,5,688,city,驻马店市,1,0,1,1,2019-06-26 16:34:24,2019-06-26 16:34:24
706,5,0,province,湖北省,1,0,1,1,2019-06-26 16:34:24,2019-06-26 16:34:24
707,5,706,city,武汉市,1,0,1,1,2019-06-26 16:34:24,2019-06-26 16:34:24
708,5,706,city,黄石市,1,0,1,1,2019-06-26 16:34:24,2019-06-26 16:34:24
709,5,706,city,十堰市,1,0,1,1,2019-06-26 16:34:24,2019-06-26 16:34:24
710,5,706,city,宜昌市,1,0,1,1,2019-06-26 16:34:24,2019-06-26 16:34:24
711,5,706,city,襄阳市,1,0,1,1,2019-06-26 16:34:24,2019-06-26 16:34:24
712,5,706,city,鄂州市,1,0,1,1,2019-06-26 16:34:24,2019-06-26 16:34:24
713,5,706,city,荆门市,1,0,1,1,2019-06-26 16:34:24,2019-06-26 16:34:24
714,5,706,city,孝感市,1,0,1,1,2019-06-26 16:34:24,2019-06-26 16:34:24
715,5,706,city,荆州市,1,0,1,1,2019-06-26 16:34:24,2019-06-26 16:34:24
716,5,706,city,黄冈市,1,0,1,1,2019-06-26 16:34:24,2019-06-26 16:34:24
717,5,706,city,咸宁市,1,0,1,1,2019-06-26 16:34:24,2019-06-26 16:34:24
718,5,706,city,随州市,1,0,1,1,2019-06-26 16:34:24,2019-06-26 16:34:24
719,5,706,city,恩施土家族苗族自治州,1,0,1,1,2019-06-26 16:34:24,2019-06-26 16:34:24
720,5,0,province,海南省,1,0,1,1,2019-06-26 16:34:24,2019-06-26 16:34:24
721,5,720,city,海口市,1,0,1,1,2019-06-26 16:34:24,2019-06-26 16:34:24
722,5,720,city,三亚市,1,0,1,1,2019-06-26 16:34:24,2019-06-26 16:34:24
723,5,720,city,三沙市,1,0,1,1,2019-06-26 16:34:24,2019-06-26 16:34:24
724,5,720,city,儋州市,1,0,1,1,2019-06-26 16:34:24,2019-06-26 16:34:24
725,5,0,province,新疆维吾尔自治区,1,0,1,1,2019-06-26 16:34:24,2019-06-26 16:34:24
726,5,725,city,乌鲁木齐市,1,0,1,1,2019-06-26 16:34:24,2019-06-26 16:34:24
727,5,725,city,克拉玛依市,1,0,1,1,2019-06-26 16:34:24,2019-06-26 16:34:24
728,5,725,city,吐鲁番市,1,0,1,1,2019-06-26 16:34:24,2019-06-26 16:34:24
729,5,725,city,哈密市,1,0,1,1,2019-06-26 16:34:24,2019-06-26 16:34:24
730,5,725,city,阿克苏地区,1,0,1,1,2019-06-26 16:34:24,2019-06-26 16:34:24
731,5,725,city,喀什地区,1,0,1,1,2019-06-26 16:34:24,2019-06-26 16:34:24
732,5,725,city,和田地区,1,0,1,1,2019-06-26 16:34:24,2019-06-26 16:34:24
733,5,725,city,昌吉回族自治州,1,0,1,1,2019-06-26 16:34:24,2019-06-26 16:34:24
734,5,725,city,博尔塔拉蒙古自治州,1,0,1,1,2019-06-26 16:34:24,2019-06-26 16:34:24
735,5,725,city,巴音郭楞蒙古自治州,1,0,1,1,2019-06-26 16:34:24,2019-06-26 16:34:24
736,5,725,city,克孜勒苏柯尔克孜自治州,1,0,1,1,2019-06-26 16:34:24,2019-06-26 16:34:24
737,5,725,city,伊犁哈萨克自治州,1,0,1,1,2019-06-26 16:34:24,2019-06-26 16:34:24
738,5,725,city,塔城地区,1,0,1,1,2019-06-26 16:34:24,2019-06-26 16:34:24
739,5,725,city,阿勒泰地区,1,0,1,1,2019-06-26 16:34:24,2019-06-26 16:34:24
740,6,0,content_teacher,杨丽萍,1,0,1,1,2019-06-26 16:34:25,2019-06-26 16:34:25
741,6,0,content_teacher,青儿,1,0,1,1,2019-06-26 16:34:25,2019-06-26 16:34:25
742,6,0,content_teacher,动动,1,0,1,1,2019-06-26 16:34:25,2019-06-26 16:34:25
743,6,0,content_teacher,茉莉,1,0,1,1,2019-06-26 16:34:25,2019-06-26 16:34:25
744,6,0,content_teacher,云裳,1,0,1,1,2019-06-26 16:34:25,2019-06-26 16:34:25
745,6,0,content_teacher,刘荣,1,0,1,1,2019-06-26 16:34:25,2019-06-26 16:34:25
746,6,0,content_teacher,美久广场舞,1,0,1,1,2019-06-26 16:34:25,2019-06-26 16:34:25
747,6,0,content_teacher,慧慧广场舞,1,0,1,1,2019-06-26 16:34:25,2019-06-26 16:34:25
748,6,0,content_teacher,武阿哥广场舞,1,0,1,1,2019-06-26 16:34:25,2019-06-26 16:34:25
749,6,0,content_teacher,重庆叶子,1,0,1,1,2019-06-26 16:34:25,2019-06-26 16:34:25
750,6,0,content_teacher,乔茜广场舞,1,0,1,1,2019-06-26 16:34:25,2019-06-26 16:34:25
751,6,0,content_teacher,楠楠广场舞,1,0,1,1,2019-06-26 16:34:25,2019-06-26 16:34:25
752,6,0,content_teacher,王广成,1,0,1,1,2019-06-26 16:34:25,2019-06-26 16:34:25
753,6,0,content_teacher,应子,1,0,1,1,2019-06-26 16:34:25,2019-06-26 16:34:25
754,6,0,content_teacher,太湖一莲,1,0,1,1,2019-06-26 16:34:25,2019-06-26 16:34:25
755,6,0,content_teacher,阿采广场舞,1,0,1,1,2019-06-26 16:34:25,2019-06-26 16:34:25
756,6,0,content_teacher,金灿灿,1,0,1,1,2019-06-26 16:34:25,2019-06-26 16:34:25
757,6,0,content_teacher,unkown,1,0,1,1,2019-06-26 16:34:25,2019-06-26 16:34:25
758,6,0,content_teacher,济宁灵爽,1,0,1,1,2019-06-26 16:34:25,2019-06-26 16:34:25
759,6,0,content_teacher,糖百合,1,0,1,1,2019-06-26 16:34:25,2019-06-26 16:34:25
760,6,0,content_teacher,陕西美丽人生,1,0,1,1,2019-06-26 16:34:25,2019-06-26 16:34:25
761,6,0,content_teacher,沅陵燕子,1,0,1,1,2019-06-26 16:34:25,2019-06-26 16:34:25
762,6,0,content_teacher,飘飘范儿,1,0,1,1,2019-06-26 16:34:25,2019-06-26 16:34:25
763,6,0,content_teacher,燕燕健身操,1,0,1,1,2019-06-26 16:34:25,2019-06-26 16:34:25
764,6,0,content_teacher,美丽秋霜,1,0,1,1,2019-06-26 16:34:25,2019-06-26 16:34:25
765,6,0,content_teacher,紫紫雨,1,0,1,1,2019-06-26 16:34:25,2019-06-26 16:34:25
766,6,0,content_teacher,抚顺熙瑶爵士舞,1,0,1,1,2019-06-26 16:34:25,2019-06-26 16:34:25
767,6,0,content_teacher,广州太和珍姐,1,0,1,1,2019-06-26 16:34:25,2019-06-26 16:34:25
768,6,0,content_teacher,蒋蓉蓉,1,0,1,1,2019-06-26 16:34:25,2019-06-26 16:34:25
769,6,0,content_teacher,曾峰,1,0,1,1,2019-06-26 16:34:25,2019-06-26 16:34:25
770,6,0,content_teacher,雪儿C广场舞,1,0,1,1,2019-06-26 16:34:25,2019-06-26 16:34:25
771,6,0,content_teacher,阿真广场舞,1,0,1,1,2019-06-26 16:34:25,2019-06-26 16:34:25
772,6,0,content_teacher,舞蝶广场舞,1,0,1,1,2019-06-26 16:34:25,2019-06-26 16:34:25
773,6,0,content_teacher,合肥爱你一生,1,0,1,1,2019-06-26 16:34:25,2019-06-26 16:34:25
774,6,0,content_teacher,紫怡然,1,0,1,1,2019-06-26 16:34:25,2019-06-26 16:34:25
775,6,0,content_teacher,快乐小红,1,0,1,1,2019-06-26 16:34:25,2019-06-26 16:34:25
776,6,0,content_teacher,新风尚陈敏,1,0,1,1,2019-06-26 16:34:25,2019-06-26 16:34:25
777,6,0,content_teacher,济南朵朵,1,0,1,1,2019-06-26 16:34:25,2019-06-26 16:34:25
778,6,0,content_teacher,笑春风,1,0,1,1,2019-06-26 16:34:25,2019-06-26 16:34:25
779,6,0,content_teacher,九江向霞,1,0,1,1,2019-06-26 16:34:25,2019-06-26 16:34:25
780,6,0,content_teacher,妮可,1,0,1,1,2019-06-26 16:34:25,2019-06-26 16:34:25
781,6,0,content_teacher,蓝莓思洁,1,0,1,1,2019-06-26 16:34:25,2019-06-26 16:34:25
782,6,0,content_teacher,郴州冬菊广场舞,1,0,1,1,2019-06-26 16:34:25,2019-06-26 16:34:25
783,6,0,content_teacher,温州燕子,1,0,1,1,2019-06-26 16:34:25,2019-06-26 16:34:25
784,6,0,content_teacher,沭河清秋,1,0,1,1,2019-06-26 16:34:25,2019-06-26 16:34:25
785,6,0,content_teacher,雪妹舞翩翩,1,0,1,1,2019-06-26 16:34:25,2019-06-26 16:34:25
786,6,0,content_teacher,叶久久,1,0,1,1,2019-06-26 16:34:25,2019-06-26 16:34:25
787,6,0,content_teacher,邱子丹,1,0,1,1,2019-06-26 16:34:25,2019-06-26 16:34:25
788,6,0,content_teacher,翠屏快乐广场舞,1,0,1,1,2019-06-26 16:34:25,2019-06-26 16:34:25
789,6,0,content_teacher,塔河蓉儿,1,0,1,1,2019-06-26 16:34:25,2019-06-26 16:34:25
790,6,0,content_teacher,红蝶,1,0,1,1,2019-06-26 16:34:25,2019-06-26 16:34:25
791,6,0,content_teacher,芸门小娟,1,0,1,1,2019-06-26 16:34:25,2019-06-26 16:34:25
792,6,0,content_teacher,山东学文,1,0,1,1,2019-06-26 16:34:25,2019-06-26 16:34:25
793,6,0,content_teacher,舞倾心,1,0,1,1,2019-06-26 16:34:25,2019-06-26 16:34:25
794,6,0,content_teacher,长兴秋天广场舞,1,0,1,1,2019-06-26 16:34:25,2019-06-26 16:34:25
795,6,0,content_teacher,永安银坑广场舞,1,0,1,1,2019-06-26 16:34:25,2019-06-26 16:34:25
796,6,0,content_teacher,巨鹿霓裳依依,1,0,1,1,2019-06-26 16:34:25,2019-06-26 16:34:25
797,6,0,content_teacher,惠汝,1,0,1,1,2019-06-26 16:34:25,2019-06-26 16:34:25
798,6,0,content_teacher,舞媚娘,1,0,1,1,2019-06-26 16:34:25,2019-06-26 16:34:25
799,6,0,content_teacher,Twins舞团,1,0,1,1,2019-06-26 16:34:25,2019-06-26 16:34:25
800,6,0,content_teacher,燕语芳菲广场舞,1,0,1,1,2019-06-26 16:34:25,2019-06-26 16:34:25
801,6,0,content_teacher,陈敏广场舞,1,0,1,1,2019-06-26 16:34:25,2019-06-26 16:34:25
802,6,0,content_teacher,香儿广场舞,1,0,1,1,2019-06-26 16:34:25,2019-06-26 16:34:25
803,6,0,content_teacher,晓杰广场鬼步舞,1,0,1,1,2019-06-26 16:34:25,2019-06-26 16:34:25
804,6,0,content_teacher,太湖彬彬,1,0,1,1,2019-06-26 16:34:25,2019-06-26 16:34:25
805,6,0,content_teacher,微笑广场舞,1,0,1,1,2019-06-26 16:34:25,2019-06-26 16:34:25
806,6,0,content_teacher,上海伟伟,1,0,1,1,2019-06-26 16:34:25,2019-06-26 16:34:25
807,6,0,content_teacher,神彩广场舞,1,0,1,1,2019-06-26 16:34:25,2019-06-26 16:34:25
808,6,0,content_teacher,建芳广场舞,1,0,1,1,2019-06-26 16:34:25,2019-06-26 16:34:25
809,6,0,content_teacher,成碧姐妹广场舞,1,0,1,1,2019-06-26 16:34:25,2019-06-26 16:34:25
810,6,0,content_teacher,轻舞飞扬,1,0,1,1,2019-06-26 16:34:25,2019-06-26 16:34:25
811,6,0,content_teacher,芳华岁月,1,0,1,1,2019-06-26 16:34:25,2019-06-26 16:34:25
812,6,0,content_teacher,北京炫舞青春,1,0,1,1,2019-06-26 16:34:25,2019-06-26 16:34:25
813,6,0,content_teacher,云南立铭广场舞,1,0,1,1,2019-06-26 16:34:25,2019-06-26 16:34:25
814,6,0,content_teacher,广西白衣天使,1,0,1,1,2019-06-26 16:34:25,2019-06-26 16:34:25
815,6,0,content_teacher,鑫盛源鬼步舞,1,0,1,1,2019-06-26 16:34:25,2019-06-26 16:34:25
816,6,0,content_teacher,霓裳羽衣,1,0,1,1,2019-06-26 16:34:25,2019-06-26 16:34:25
817,6,0,content_teacher,好日子健身舞蹈队,1,0,1,1,2019-06-26 16:34:25,2019-06-26 16:34:25
818,6,0,content_teacher,小楠老师,1,0,1,1,2019-06-26 16:34:25,2019-06-26 16:34:25
819,6,0,content_teacher,莉莎老师,1,0,1,1,2019-06-26 16:34:25,2019-06-26 16:34:25
820,6,0,content_teacher,承鼎,1,0,1,1,2019-06-26 16:34:25,2019-06-26 16:34:25
821,6,0,content_teacher,春英,1,0,1,1,2019-06-26 16:34:25,2019-06-26 16:34:25
822,6,0,content_teacher,舞清秋,1,0,1,1,2019-06-26 16:34:25,2019-06-26 16:34:25
823,6,0,content_teacher,北京冬之雪,1,0,1,1,2019-06-26 16:34:25,2019-06-26 16:34:25
824,6,0,content_teacher,漫步者,1,0,1,1,2019-06-26 16:34:25,2019-06-26 16:34:25
825,6,0,content_teacher,灌口田头风中天使,1,0,1,1,2019-06-26 16:34:25,2019-06-26 16:34:25
826,6,0,content_teacher,羽蝶,1,0,1,1,2019-06-26 16:34:25,2019-06-26 16:34:25
827,6,0,content_teacher,吉美,1,0,1,1,2019-06-26 16:34:25,2019-06-26 16:34:25
828,6,0,content_teacher,刘竹平柔力球,1,0,1,1,2019-06-26 16:34:25,2019-06-26 16:34:25
829,6,0,content_teacher,兰州莲花,1,0,1,1,2019-06-26 16:34:25,2019-06-26 16:34:25
830,6,0,content_teacher,芳心广场舞芳芳,1,0,1,1,2019-06-26 16:34:25,2019-06-26 16:34:25
831,6,0,content_teacher,玲珑,1,0,1,1,2019-06-26 16:34:25,2019-06-26 16:34:25
832,6,0,content_teacher,lu-jp,1,0,1,1,2019-06-26 16:34:25,2019-06-26 16:34:25
833,6,0,content_teacher,阳光美梅广场舞,1,0,1,1,2019-06-26 16:34:25,2019-06-26 16:34:25
834,6,0,content_teacher,麒麟广场舞,1,0,1,1,2019-06-26 16:34:25,2019-06-26 16:34:25
835,6,0,content_teacher,湖北一清舞,1,0,1,1,2019-06-26 16:34:25,2019-06-26 16:34:25
836,6,0,content_teacher,包包拉丁,1,0,1,1,2019-06-26 16:34:25,2019-06-26 16:34:25
837,6,0,content_teacher,山东莲.雨荷广场舞,1,0,1,1,2019-06-26 16:34:25,2019-06-26 16:34:25
838,6,0,content_teacher,善良四季,1,0,1,1,2019-06-26 16:34:25,2019-06-26 16:34:25
839,6,0,content_teacher,糖糖,1,0,1,1,2019-06-26 16:34:25,2019-06-26 16:34:25
840,6,0,content_teacher,萱萱,1,0,1,1,2019-06-26 16:34:25,2019-06-26 16:34:25
841,6,0,content_teacher,段希帆,1,0,1,1,2019-06-26 16:34:25,2019-06-26 16:34:25
842,6,0,content_teacher,西安笑言,1,0,1,1,2019-06-26 16:34:25,2019-06-26 16:34:25
843,6,0,content_teacher,雪狼,1,0,1,1,2019-06-26 16:34:25,2019-06-26 16:34:25
844,6,0,content_teacher,延川远儿,1,0,1,1,2019-06-26 16:34:25,2019-06-26 16:34:25
845,6,0,content_teacher,艺静心缘,1,0,1,1,2019-06-26 16:34:25,2019-06-26 16:34:25
846,6,0,content_teacher,苏州雨夜,1,0,1,1,2019-06-26 16:34:25,2019-06-26 16:34:25
847,6,0,content_teacher,云辉,1,0,1,1,2019-06-26 16:34:25,2019-06-26 16:34:25
848,6,0,content_teacher,张永军,1,0,1,1,2019-06-26 16:34:25,2019-06-26 16:34:25
849,6,0,content_teacher,陆川叶青,1,0,1,1,2019-06-26 16:34:25,2019-06-26 16:34:25
850,6,0,content_teacher,河北青青,1,0,1,1,2019-06-26 16:34:25,2019-06-26 16:34:25
851,6,0,content_teacher,宜兴静静,1,0,1,1,2019-06-26 16:34:25,2019-06-26 16:34:25
852,6,0,content_teacher,舟山香樟树,1,0,1,1,2019-06-26 16:34:25,2019-06-26 16:34:25
853,6,0,content_teacher,映容雪,1,0,1,1,2019-06-26 16:34:25,2019-06-26 16:34:25
854,6,0,content_teacher,叶梦,1,0,1,1,2019-06-26 16:34:25,2019-06-26 16:34:25
855,6,0,content_teacher,天使的泪人,1,0,1,1,2019-06-26 16:34:25,2019-06-26 16:34:25
856,6,0,content_teacher,四川蓉蓉,1,0,1,1,2019-06-26 16:34:25,2019-06-26 16:34:25
857,6,0,content_teacher,杨杨广场舞.,1,0,1,1,2019-06-26 16:34:25,2019-06-26 16:34:25
858,6,0,content_teacher,梁萍广场舞,1,0,1,1,2019-06-26 16:34:25,2019-06-26 16:34:25
859,6,0,content_teacher,嫣然明月,1,0,1,1,2019-06-26 16:34:25,2019-06-26 16:34:25
860,6,0,content_teacher,有你就快乐一樱桃,1,0,1,1,2019-06-26 16:34:25,2019-06-26 16:34:25
861,6,0,content_teacher,史祁妙宣,1,0,1,1,2019-06-26 16:34:25,2019-06-26 16:34:25
862,6,0,content_teacher,卢清秀广场舞,1,0,1,1,2019-06-26 16:34:25,2019-06-26 16:34:25
863,6,0,content_teacher,彩蝶依依,1,0,1,1,2019-06-26 16:34:25,2019-06-26 16:34:25
864,6,0,content_teacher,李超广场舞,1,0,1,1,2019-06-26 16:34:25,2019-06-26 16:34:25
865,6,0,content_teacher,蝶舞芳香广场舞 ,1,0,1,1,2019-06-26 16:34:25,2019-06-26 16:34:25
866,6,0,content_teacher,吴川飞燕广场舞,1,0,1,1,2019-06-26 16:34:25,2019-06-26 16:34:25
867,6,0,content_teacher,丽珠广场舞,1,0,1,1,2019-06-26 16:34:25,2019-06-26 16:34:25
868,6,0,content_teacher,游城广场舞,1,0,1,1,2019-06-26 16:34:25,2019-06-26 16:34:25
869,6,0,content_teacher,华子原创,1,0,1,1,2019-06-26 16:34:25,2019-06-26 16:34:25
870,6,0,content_teacher,抚州左岸风情,1,0,1,1,2019-06-26 16:34:25,2019-06-26 16:34:25
871,6,0,content_teacher,江西红舞鞋,1,0,1,1,2019-06-26 16:34:25,2019-06-26 16:34:25
872,6,0,content_teacher,杨光广场舞,1,0,1,1,2019-06-26 16:34:25,2019-06-26 16:34:25
873,6,0,content_teacher,金鼓微笑,1,0,1,1,2019-06-26 16:34:25,2019-06-26 16:34:25
874,6,0,content_teacher,雨中阳光广场舞,1,0,1,1,2019-06-26 16:34:25,2019-06-26 16:34:25
875,6,0,content_teacher,玉全广场舞,1,0,1,1,2019-06-26 16:34:25,2019-06-26 16:34:25
876,6,0,content_teacher,水蜜桃广场舞,1,0,1,1,2019-06-26 16:34:25,2019-06-26 16:34:25
877,6,0,content_teacher,郑州宁宁广场舞,1,0,1,1,2019-06-26 16:34:25,2019-06-26 16:34:25
878,6,0,content_teacher,漓江飞舞广场舞,1,0,1,1,2019-06-26 16:34:25,2019-06-26 16:34:25
879,6,0,content_teacher,舞君儿,1,0,1,1,2019-06-26 16:34:25,2019-06-26 16:34:25
880,6,0,content_teacher,万安滨江舞蹈队,1,0,1,1,2019-06-26 16:34:25,2019-06-26 16:34:25
881,6,0,content_teacher,九真敏敏,1,0,1,1,2019-06-26 16:34:25,2019-06-26 16:34:25
882,6,0,content_teacher,圆月如歌,1,0,1,1,2019-06-26 16:34:25,2019-06-26 16:34:25
883,6,0,content_teacher,坪上广场舞,1,0,1,1,2019-06-26 16:34:25,2019-06-26 16:34:25
884,6,0,content_teacher,益馨广场舞,1,0,1,1,2019-06-26 16:34:25,2019-06-26 16:34:25
885,6,0,content_teacher,玫香广场舞,1,0,1,1,2019-06-26 16:34:25,2019-06-26 16:34:25
886,6,0,content_teacher,正点广场舞,1,0,1,1,2019-06-26 16:34:25,2019-06-26 16:34:25
887,6,0,content_teacher,洋洋老师,1,0,1,1,2019-06-26 16:34:25,2019-06-26 16:34:25
888,6,0,content_teacher,风琴广场舞,1,0,1,1,2019-06-26 16:34:25,2019-06-26 16:34:25
889,6,0,content_teacher,羽裳老师,1,0,1,1,2019-06-26 16:34:25,2019-06-26 16:34:25
890,6,0,content_teacher,凤凰六哥,1,0,1,1,2019-06-26 16:34:25,2019-06-26 16:34:25
891,6,0,content_teacher,塘兴园广场舞,1,0,1,1,2019-06-26 16:34:25,2019-06-26 16:34:25
892,6,0,content_teacher,花与影,1,0,1,1,2019-06-26 16:34:25,2019-06-26 16:34:25
893,6,0,content_teacher,夫妻广场舞,1,0,1,1,2019-06-26 16:34:25,2019-06-26 16:34:25
894,6,0,content_teacher,编舞花语,1,0,1,1,2019-06-26 16:34:25,2019-06-26 16:34:25
895,6,0,content_teacher,莞柔舞蹈,1,0,1,1,2019-06-26 16:34:25,2019-06-26 16:34:25
896,6,0,content_teacher,皇冠道格,1,0,1,1,2019-06-26 16:34:25,2019-06-26 16:34:25
897,6,0,content_teacher,云紫燕,1,0,1,1,2019-06-26 16:34:25,2019-06-26 16:34:25
898,6,0,content_teacher,银河湾,1,0,1,1,2019-06-26 16:34:25,2019-06-26 16:34:25
899,6,0,content_teacher,菲菲8广场舞,1,0,1,1,2019-06-26 16:34:25,2019-06-26 16:34:25
900,6,0,content_teacher,白狐广场舞,1,0,1,1,2019-06-26 16:34:25,2019-06-26 16:34:25
901,6,0,content_teacher,福建阿梅儿,1,0,1,1,2019-06-26 16:34:25,2019-06-26 16:34:25
902,6,0,content_teacher,皖皖老师,1,0,1,1,2019-06-26 16:34:25,2019-06-26 16:34:25
903,6,0,content_teacher,惠州石湾玲玲广场舞,1,0,1,1,2019-06-26 16:34:25,2019-06-26 16:34:25
904,6,0,content_teacher,肖晓shaw,1,0,1,1,2019-06-26 16:34:25,2019-06-26 16:34:25
905,6,0,content_teacher,晓晓芳,1,0,1,1,2019-06-26 16:34:25,2019-06-26 16:34:25
906,6,0,content_teacher,小喵老师,1,0,1,1,2019-06-26 16:34:25,2019-06-26 16:34:25
907,6,0,content_teacher,编舞郦影,1,0,1,1,2019-06-26 16:34:25,2019-06-26 16:34:25
908,6,0,content_teacher,为舞疯狂广场舞,1,0,1,1,2019-06-26 16:34:25,2019-06-26 16:34:25
909,6,0,content_teacher,好运连连,1,0,1,1,2019-06-26 16:34:25,2019-06-26 16:34:25
910,6,0,content_teacher,三亚冬梅,1,0,1,1,2019-06-26 16:34:25,2019-06-26 16:34:25
911,6,0,content_teacher,九月广场舞,1,0,1,1,2019-06-26 16:34:25,2019-06-26 16:34:25
912,6,0,content_teacher,蝶依广场舞,1,0,1,1,2019-06-26 16:34:25,2019-06-26 16:34:25
913,6,0,content_teacher,丽丽自由广场舞,1,0,1,1,2019-06-26 16:34:25,2019-06-26 16:34:25
914,6,0,content_teacher,鄱阳饶丰秀儿老师,1,0,1,1,2019-06-26 16:34:25,2019-06-26 16:34:25
915,6,0,content_teacher,安徽金社广场舞,1,0,1,1,2019-06-26 16:34:25,2019-06-26 16:34:25
916,6,0,content_teacher,女女广场舞,1,0,1,1,2019-06-26 16:34:25,2019-06-26 16:34:25
917,6,0,content_teacher,小妮舞蹈,1,0,1,1,2019-06-26 16:34:25,2019-06-26 16:34:25
918,6,0,content_teacher,子青广场舞,1,0,1,1,2019-06-26 16:34:25,2019-06-26 16:34:25
919,6,0,content_teacher,舞动旋律2007,1,0,1,1,2019-06-26 16:34:25,2019-06-26 16:34:25
920,6,0,content_teacher,追梦玉儿,1,0,1,1,2019-06-26 16:34:25,2019-06-26 16:34:25
921,6,0,content_teacher,冬冬,1,0,1,1,2019-06-26 16:34:25,2019-06-26 16:34:25
922,6,0,content_teacher,麻阳毛毛广场舞,1,0,1,1,2019-06-26 16:34:25,2019-06-26 16:34:25
923,6,0,content_teacher,编舞小龙女,1,0,1,1,2019-06-26 16:34:25,2019-06-26 16:34:25
924,6,0,content_teacher,艺高高广场舞,1,0,1,1,2019-06-26 16:34:25,2019-06-26 16:34:25
925,6,0,content_teacher,云儿流行舞,1,0,1,1,2019-06-26 16:34:25,2019-06-26 16:34:25
926,6,0,content_teacher,午后骄阳,1,0,1,1,2019-06-26 16:34:25,2019-06-26 16:34:25
927,6,0,content_teacher,妃儿舞蹈,1,0,1,1,2019-06-26 16:34:25,2019-06-26 16:34:25
928,6,0,content_teacher,编舞天姿,1,0,1,1,2019-06-26 16:34:25,2019-06-26 16:34:25
929,6,0,content_teacher,重庆飞去来兮,1,0,1,1,2019-06-26 16:34:25,2019-06-26 16:34:25
930,6,0,content_teacher,编舞如云,1,0,1,1,2019-06-26 16:34:25,2019-06-26 16:34:25
931,6,0,content_teacher,听语广场舞,1,0,1,1,2019-06-26 16:34:25,2019-06-26 16:34:25
932,6,0,content_teacher,吉祥祥,1,0,1,1,2019-06-26 16:34:25,2019-06-26 16:34:25
933,6,0,content_teacher,美好岁月广场舞,1,0,1,1,2019-06-26 16:34:25,2019-06-26 16:34:25
934,6,0,content_teacher,信阳阿琴广场舞,1,0,1,1,2019-06-26 16:34:25,2019-06-26 16:34:25
935,6,0,content_teacher,编舞嘉嘉,1,0,1,1,2019-06-26 16:34:25,2019-06-26 16:34:25
936,6,0,content_teacher,衡水阿梅原创广场舞,1,0,1,1,2019-06-26 16:34:25,2019-06-26 16:34:25
937,6,0,content_teacher,简画,1,0,1,1,2019-06-26 16:34:25,2019-06-26 16:34:25
938,6,0,content_teacher,汤晓芳,1,0,1,1,2019-06-26 16:34:25,2019-06-26 16:34:25
939,6,0,content_teacher,江南雨广场舞,1,0,1,1,2019-06-26 16:34:25,2019-06-26 16:34:25
940,6,0,content_teacher,李奇武,1,0,1,1,2019-06-26 16:34:25,2019-06-26 16:34:25
941,1,56,content_dance,其他,1,1,1,1,2019-06-26 16:34:17,2019-06-26 16:34:17
942,2,67,firstcat,书法,1,1,1,1,2019-07-20 18:34:19,2019-07-20 18:34:19
943,2,67,firstcat,麻将,1,1,2,1,2019-07-20 18:34:19,2019-07-20 18:34:19
944,2,67,firstcat,军事,1,1,2,1,2019-07-20 18:34:19,2019-07-20 18:34:19
945,2,67,firstcat,科普知识,1,1,2,1,2019-07-20 18:34:19,2019-07-20 18:34:19
946,2,67,firstcat,才艺,1,1,2,1,2019-07-20 18:34:19,2019-07-20 18:34:19
947,2,67,firstcat,音乐,1,1,1,1,2019-07-20 18:34:19,2019-07-20 18:34:19
948,2,67,firstcat,拍人,1,1,2,1,2019-07-20 18:34:19,2019-07-20 18:34:19
949,2,67,firstcat,随手拍,1,1,2,1,2019-07-20 18:34:19,2019-07-20 18:34:19
950,2,68,secondcat,礼仪仪态,1,1,1,1,2019-07-20 18:34:19,2019-07-20 18:34:19
951,2,83,secondcat,烘焙,1,1,1,1,2019-07-20 18:34:19,2019-07-20 18:34:19
952,2,112,secondcat,心理测试,1,1,2,1,2019-07-20 18:34:19,2019-07-20 18:34:19
953,2,112,secondcat,节日祝福,1,1,2,1,2019-07-20 18:34:19,2019-07-20 18:34:19
954,2,203,secondcat,网络,1,1,1,1,2019-07-20 18:34:19,2019-07-20 18:34:19
955,2,236,secondcat,生命安全,1,1,2,1,2019-07-20 18:34:19,2019-07-20 18:34:19
956,2,236,secondcat,法律政策,1,1,2,1,2019-07-20 18:34:19,2019-07-20 18:34:19
957,2,236,secondcat,正能量,1,1,2,1,2019-07-20 18:34:19,2019-07-20 18:34:19
958,2,236,secondcat,热点评论,1,1,2,1,2019-07-20 18:34:19,2019-07-20 18:34:19
959,2,236,secondcat,人生百态,1,1,2,1,2019-07-20 18:34:19,2019-07-20 18:34:19
960,2,250,secondcat,风景,1,1,1,1,2019-07-20 18:34:19,2019-07-20 18:34:19
961,2,250,secondcat,攻略,1,1,1,1,2019-07-20 18:34:19,2019-07-20 18:34:19
962,2,250,secondcat,特殊体验,1,1,1,1,2019-07-20 18:34:19,2019-07-20 18:34:19
963,2,250,secondcat,其他,1,1,1,1,2019-07-20 18:34:19,2019-07-20 18:34:19
964,2,254,secondcat,葫芦丝,1,1,1,1,2019-07-20 18:34:19,2019-07-20 18:34:19
965,2,254,secondcat,二胡,1,1,1,1,2019-07-20 18:34:19,2019-07-20 18:34:19
966,2,254,secondcat,钢琴,1,1,1,1,2019-07-20 18:34:19,2019-07-20 18:34:19
967,2,254,secondcat,古筝,1,1,1,1,2019-07-20 18:34:19,2019-07-20 18:34:19
968,2,254,secondcat,鼓,1,1,1,1,2019-07-20 18:34:19,2019-07-20 18:34:19
969,2,254,secondcat,笛子,1,1,1,1,2019-07-20 18:34:19,2019-07-20 18:34:19
970,2,254,secondcat,口琴,1,1,1,1,2019-07-20 18:34:19,2019-07-20 18:34:19
971,2,254,secondcat,其他,1,1,1,1,2019-07-20 18:34:19,2019-07-20 18:34:19
972,2,258,secondcat,年代回忆,1,1,1,1,2019-07-20 18:34:19,2019-07-20 18:34:19
973,2,258,secondcat,历史,1,1,1,1,2019-07-20 18:34:19,2019-07-20 18:34:19
974,2,262,secondcat,对口型,1,1,2,1,2019-07-20 18:34:19,2019-07-20 18:34:19
975,2,262,secondcat,表演,1,1,2,1,2019-07-20 18:34:19,2019-07-20 18:34:19
976,2,262,secondcat,影视片段,1,1,2,1,2019-07-20 18:34:19,2019-07-20 18:34:19
977,2,262,secondcat,明星,1,1,2,1,2019-07-20 18:34:19,2019-07-20 18:34:19
978,2,262,secondcat,其他,1,1,2,1,2019-07-20 18:34:19,2019-07-20 18:34:19
979,2,946,secondcat,魔术,1,1,2,1,2019-07-20 18:34:19,2019-07-20 18:34:19
980,2,946,secondcat,杂技,1,1,2,1,2019-07-20 18:34:19,2019-07-20 18:34:19
981,2,946,secondcat,特殊才艺,1,1,2,1,2019-07-20 18:34:19,2019-07-20 18:34:19
982,2,946,secondcat,其他,1,1,2,1,2019-07-20 18:34:19,2019-07-20 18:34:19
983,2,947,secondcat,MV,1,1,2,1,2019-07-20 18:34:19,2019-07-20 18:34:19
984,2,947,secondcat,对口型,1,1,2,1,2019-07-20 18:34:19,2019-07-20 18:34:19
985,2,947,secondcat,音乐节目,1,1,2,1,2019-07-20 18:34:19,2019-07-20 18:34:19
986,2,947,secondcat,真唱,1,1,1,1,2019-07-20 18:34:19,2019-07-20 18:34:19
987,2,947,secondcat,唱歌知识,1,1,1,1,2019-07-20 18:34:19,2019-07-20 18:34:19
988,2,947,secondcat,戏曲,1,1,1,1,2019-07-20 18:34:19,2019-07-20 18:34:19
989,2,947,secondcat,其他,1,1,1,1,2019-07-20 18:34:19,2019-07-20 18:34:19
990,2,948,secondcat,秀美女,1,1,2,1,2019-07-20 18:34:19,2019-07-20 18:34:19
991,2,948,secondcat,帅哥,1,1,2,1,2019-07-20 18:34:19,2019-07-20 18:34:19
992,2,948,secondcat,秀团队,1,1,2,1,2019-07-20 18:34:19,2019-07-20 18:34:19
993,2,948,secondcat,其他,1,1,2,1,2019-07-20 18:34:19,2019-07-20 18:34:19
994,2,97,content_tag,麻辣,1,1,1,1,2019-07-20 18:34:19,2019-07-20 18:34:19
995,2,143,content_tag,减肥健身,1,1,1,0,2019-07-20 18:34:19,2019-07-20 18:34:19
996,2,143,content_tag,两性,1,1,2,1,2019-07-20 18:34:19,2019-07-20 18:34:19
997,2,124,secondcat,急救,1,1,1,1,2019-07-20 18:34:19,2019-07-20 18:34:19
998,2,143,content_tag,运动健康,1,1,1,1,2019-07-20 18:34:19,2019-07-20 18:34:19
999,2,273,content_tag,双人舞,1,0,1,1,2019-06-26 16:34:19,2019-06-26 16:34:19
1000,2,285,content_tag,民族舞,1,0,1,1,2019-06-26 16:34:19,2019-06-26 16:34:19
1001,2,293,content_tag,拉丁舞,1,0,1,1,2019-06-26 16:34:19,2019-06-26 16:34:19
1002,2,305,content_tag,鬼步舞,1,0,1,1,2019-06-26 16:34:19,2019-06-26 16:34:19
1003,2,306,content_tag,水兵舞,1,0,1,1,2019-06-26 16:34:19,2019-06-26 16:34:19
1004,2,312,content_tag,流行舞,1,0,1,1,2019-06-26 16:34:19,2019-06-26 16:34:19
1005,2,326,content_tag,走秀,1,0,1,1,2019-06-26 16:34:19,2019-06-26 16:34:19
1006,2,67,firstcat,健身,1,1,1,1,2019-07-20 18:34:19,2019-08-20 17:34:19
1007,2,1006,secondcat,瘦身塑形,1,1,1,1,2019-08-20 18:34:19,2019-08-20 17:34:19
1008,2,1006,secondcat,健身器材,1,1,1,1,2019-08-20 18:34:19,2019-08-20 17:34:19
1009,2,1006,secondcat,广场健身,1,1,1,1,2019-08-20 18:34:19,2019-08-20 17:34:19
1010,2,1006,secondcat,瑜伽,1,1,1,1,2019-08-20 18:34:19,2019-08-20 17:34:19
